标题,价格(元/月),区域,户型,面积(㎡),朝向,详情链接,驾车距离,驾车时间,公交时间,步行距离,步行时间,通勤时间(分钟),价格得分,通勤得分,面积得分,性价比得分,纬度,经度
整租·骋望珺玺 3室2厅 南,1800,江南区-五一路-骋望珺玺,3室2厅2卫,84.0,南,https://nn.zu.ke.com/zufang/NN2061010309283315712.html,9.7公里,21分钟,50分钟,8.4公里,112分钟,50.0,0.9844694773461443,0.5851063829787234,0.026277654332914693,63.3,22.823072,108.256689
整租·中海哈罗学府 3室2厅 南,1800,邕宁区-龙岗-中海哈罗学府,3室2厅2卫,97.0,南,https://nn.zu.ke.com/zufang/NN2042458285893746688.html,19.9公里,44分钟,76分钟,19.4公里,258分钟,76.0,0.9844694773461443,0.30851063829787234,0.031301323543618975,52.3,22.765067,108.470536
整租·广西壮族自治区疾病预防控制中心宿舍区 4室2厅 南,2200,青秀区-星湖-广西壮族自治区疾病预防控制中心宿舍区,4室2厅2卫,123.5,南,https://nn.zu.ke.com/zufang/NN2002335869402349568.html,3.6公里,12分钟,34分钟,3.0公里,40分钟,34.0,0.9803280046384494,0.7553191489361702,0.041541880011593084,70.3,22.810124,108.365121
整租·龙滩苑 3室2厅 南,4500,青秀区-东盟商务区-龙滩苑,3室2厅2卫,141.0,南,https://nn.zu.ke.com/zufang/NN2036798560841760768.html,8.1公里,33分钟,24分钟,7.6公里,102分钟,24.0,0.956514536569204,0.8617021276595744,0.048304511641387306,73.7,22.811363,108.39058
整租·君华•锦云 4室2厅 北,2500,邕宁区-龙岗-君华•锦云,4室2厅2卫,125.0,北,https://nn.zu.ke.com/zufang/NN2041844326283083776.html,18.3公里,47分钟,67分钟,18.1公里,241分钟,67.0,0.9772219001076783,0.40425531914893614,0.04212153415128973,56.1,22.782457,108.478605
整租·大唐盛世观湖 4室2厅 南,2000,邕宁区-龙岗-大唐盛世观湖,4室2厅2卫,126.0,南,https://nn.zu.ke.com/zufang/NN2004846303204343808.html,20.4公里,44分钟,87分钟,19.8公里,264分钟,87.0,0.9823987409922968,0.19148936170212766,0.04250797024442083,47.8,22.768962,108.477384
整租·永凯春晖花园西C区 3室2厅 南,2400,青秀区-凤岭北-永凯春晖花园西C区,3室2厅2卫,110.0,南,https://nn.zu.ke.com/zufang/NN2049404082161975296.html,8.1公里,35分钟,30分钟,8.0公里,107分钟,30.0,0.978257268284602,0.7978723404255319,0.03632499275432326,71.8,22.817687,108.389773
整租·五象澜庭府锦苑 3室2厅 东南/南,2200,良庆区-五象湖-五象澜庭府锦苑,3室2厅2卫,98.0,,https://nn.zu.ke.com/zufang/NN2035310786246606848.html,15.3公里,43分钟,46分钟,14.6公里,194分钟,46.0,0.9803280046384494,0.6276595744680851,0.03168775963675007,65.0,22.730975,108.397977
整租·恒悦居 3室2厅 南/北,1700,青秀区-仙葫-恒悦居,3室2厅2卫,95.0,,https://nn.zu.ke.com/zufang/NN2018931266379841536.html,21.1公里,49分钟,60分钟,14.6公里,195分钟,60.0,0.985504845523068,0.4787234042553192,0.030528451357356778,59.2,22.765457,108.495767
整租·万科紫台 4室3厅 南,10500,良庆区-玉洞-万科紫台,4室3厅3卫,175.0,南,https://nn.zu.ke.com/zufang/NN2050158496984334336.html,11.7公里,40分钟,45分钟,10.8公里,145分钟,45.0,0.8943924459537812,0.6382978723404256,0.06144333880784465,62.5,22.751814,108.377239
整租·宏桂东盛 3室2厅 南,2300,青秀区-凤岭北-宏桂东盛,3室2厅2卫,100.0,南,https://nn.zu.ke.com/zufang/NN1979508646932905984.html,11.1公里,39分钟,50分钟,10.6公里,141分钟,50.0,0.9792926364615258,0.5851063829787234,0.032460631823012266,63.2,22.823452,108.413969
整租·龙光世纪中心 3室1厅 南,8690,青秀区-东盟商务区-龙光世纪中心,3室1厅1卫,133.7,南,https://nn.zu.ke.com/zufang/NN2056689744808509440.html,8.7公里,41分钟,27分钟,8.7公里,116分钟,27.0,0.9131326099561003,0.8297872340425532,0.045483528161530284,70.6,22.806844,108.398213
整租·南宁市南湖公务员住宅小区 4室2厅 南,3500,青秀区-青秀万达-南宁市南湖公务员住宅小区,4室2厅2卫,135.0,南,https://nn.zu.ke.com/zufang/NN2051552580588273664.html,5.7公里,25分钟,28分钟,5.6公里,75分钟,28.0,0.9668682183384412,0.8191489361702128,0.04598589508260072,72.4,22.824008,108.366342
整租·东长小区 3室2厅 东南,2600,青秀区-东葛路-东长小区,3室2厅2卫,140.0,东南,https://nn.zu.ke.com/zufang/NN1976491680643153920.html,4.6公里,20分钟,28分钟,4.5公里,60分钟,28.0,0.9761865319307546,0.8191489361702128,0.04791807554825621,72.8,22.830507,108.358661
整租·君华•锦云 4室2厅 东南,1600,邕宁区-龙岗-君华•锦云,4室2厅2卫,99.0,东南,https://nn.zu.ke.com/zufang/NN2054132946746474496.html,18.3公里,48分钟,67分钟,18.1公里,241分钟,67.0,0.9865402136999917,0.40425531914893614,0.03207419572988117,56.3,22.782457,108.478605
整租·广西区糖业供销公司宿舍 3室2厅 东南,2650,青秀区-金湖-广西区糖业供销公司宿舍,3室2厅2卫,113.75,东南,https://nn.zu.ke.com/zufang/NN1949691746606645248.html,6.0公里,31分钟,23分钟,6.2公里,83分钟,23.0,0.9756688478422927,0.8723404255319149,0.037774128103564876,74.7,22.814849,108.285958
整租·万科金域中央一期 3室2厅 南,2400,良庆区-玉洞-万科金域中央一期,3室2厅2卫,108.35,南,https://nn.zu.ke.com/zufang/NN2056980853338144768.html,11.2公里,39分钟,45分钟,10.7公里,143分钟,45.0,0.978257268284602,0.6382978723404256,0.03568737320065694,65.4,22.7532,108.378885
整租·恒大悦龙台 3室2厅 南,1700,邕宁区-龙岗-恒大悦龙台,3室2厅1卫,92.0,南,https://nn.zu.ke.com/zufang/NN1915354844294545408.html,15.9公里,39分钟,73分钟,16.1公里,215分钟,73.0,0.985504845523068,0.3404255319148936,0.029369143077963483,53.6,22.768367,108.446248
整租·和美春天 4室2厅 南,2800,青秀区-琅东-和美春天,4室2厅2卫,143.39,南,https://nn.zu.ke.com/zufang/NN2057761546292953088.html,11.5公里,36分钟,42分钟,11.3公里,150分钟,42.0,0.9741157955769072,0.6702127659574468,0.04922809390397063,66.8,22.80571,108.420736
整租·万科公望 4室2厅 南,2500,邕宁区-龙岗-万科公望,4室2厅2卫,121.0,南,https://nn.zu.ke.com/zufang/NN2019260883909214208.html,20.9公里,44分钟,93分钟,18.7公里,250分钟,93.0,0.9772219001076783,0.1276595744680851,0.04057578977876534,45.0,22.79239,108.476986
整租·龙光世纪中心 4室1厅 南,13800,青秀区-东盟商务区-龙光世纪中心,4室1厅0卫,195.0,南,https://nn.zu.ke.com/zufang/NN2036067041575698432.html,8.7公里,41分钟,27分钟,8.7公里,116分钟,27.0,0.8602252961152986,0.8297872340425532,0.06917206067046662,69.0,22.806844,108.398213
整租·印象·愉景湾 4室2厅 东南,1200,良庆区-五象湖-印象 - 愉景湾,4室2厅2卫,110.0,东南,https://nn.zu.ke.com/zufang/NN1960547204724686848.html,20.9公里,49分钟,79分钟,19.6公里,261分钟,79.0,0.9906816864076866,0.2765957446808511,0.03632499275432326,51.4,22.682391,108.398902
整租·万科金域中央一期 3室2厅 南,2400,良庆区-玉洞-万科金域中央一期,3室2厅2卫,108.35,南,https://nn.zu.ke.com/zufang/NN2056980853338144768.html,11.2公里,40分钟,45分钟,10.7公里,143分钟,45.0,0.978257268284602,0.6382978723404256,0.03568737320065694,65.4,22.7532,108.378885
整租·盘龙居小区 3室2厅 南/北,2400,青秀区-凤岭北-盘龙居小区,3室2厅2卫,134.0,,https://nn.zu.ke.com/zufang/NN2052717367993040896.html,8.6公里,32分钟,46分钟,7.7公里,103分钟,46.0,0.978257268284602,0.6276595744680851,0.04559945898946962,65.1,22.826909,108.387457
整租·凤岭名园 4室2厅 北,3500,青秀区-凤岭北-凤岭名园,4室2厅2卫,148.0,北,https://nn.zu.ke.com/zufang/NN2043577324833603584.html,14.6公里,37分钟,50分钟,11.0公里,147分钟,50.0,0.9668682183384412,0.5851063829787234,0.05100956429330499,63.1,22.827164,108.419356
整租·霖峰壹號2组团 3室2厅 东南,3000,青秀区-凤岭北-霖峰壹號2组团,3室2厅2卫,89.0,东南,https://nn.zu.ke.com/zufang/NN2046826424920178688.html,12.5公里,34分钟,44分钟,8.5公里,113分钟,44.0,0.9720450592230597,0.648936170212766,0.028209834798570185,65.4,22.830604,108.397707
整租·五象澜庭府锦苑 3室2厅 南/北,1900,良庆区-五象湖-五象澜庭府锦苑,3室2厅2卫,98.0,,https://nn.zu.ke.com/zufang/NN2030230143565299712.html,15.3公里,44分钟,46分钟,14.6公里,194分钟,46.0,0.9834341091692206,0.6276595744680851,0.03168775963675007,65.1,22.730975,108.397977
整租·联发·尚品 3室2厅 南,1500,青秀区-仙葫-联发 - 尚品,3室2厅1卫,98.0,南,https://nn.zu.ke.com/zufang/NN2048417946761428992.html,14.4公里,44分钟,60分钟,14.1公里,188分钟,60.0,0.9875755818769154,0.4787234042553192,0.03168775963675007,59.3,22.801284,108.449327
整租·龙光·君御华府 2室1厅 南,3500,青秀区-凤岭北-龙光 - 君御华府,2室1厅1卫,42.0,南,https://nn.zu.ke.com/zufang/NN2049358450688786432.html,7.7公里,33分钟,38分钟,7.1公里,95分钟,38.0,0.9668682183384412,0.7127659574468085,0.01004733842140856,67.4,22.821526,108.381147
整租·港保苑 2室2厅 西,1800,良庆区-五象核心区-港保苑,2室2厅1卫,91.0,西,https://nn.zu.ke.com/zufang/NN2046231629654917120.html,12.4公里,37分钟,44分钟,11.6公里,155分钟,44.0,0.9844694773461443,0.648936170212766,0.028982706984832383,65.9,22.763875,108.397736
整租·金科博翠山 3室2厅 南,2000,良庆区-玉洞-金科博翠山,3室2厅2卫,98.65,南,https://nn.zu.ke.com/zufang/NN1930217976896684032.html,13.4公里,39分钟,48分钟,13.0公里,174分钟,48.0,0.9823987409922968,0.6063829787234043,0.03193894309728529,64.2,22.729995,108.355092
整租·大唐盛世观湖 4室2厅 南,1700,邕宁区-龙岗-大唐盛世观湖,4室2厅2卫,112.0,南,https://nn.zu.ke.com/zufang/NN1897554114313715712.html,20.4公里,45分钟,87分钟,19.8公里,264分钟,87.0,0.985504845523068,0.19148936170212766,0.03709786494058545,47.8,22.768928,108.478524
整租·华润二十四城 3室2厅 南,1900,良庆区-五象湖-华润二十四城,3室2厅2卫,93.0,南,https://nn.zu.ke.com/zufang/NN2045492100199350272.html,15.3公里,44分钟,45分钟,14.4公里,192分钟,45.0,0.9834341091692206,0.6382978723404256,0.02975557917109458,65.5,22.724302,108.386519
整租·华龙苑小区 3室2厅 南,2500,青秀区-青秀万达-华龙苑小区,3室2厅2卫,120.0,南,https://nn.zu.ke.com/zufang/NN1932644620349472768.html,6.4公里,26分钟,38分钟,5.3公里,71分钟,38.0,0.9772219001076783,0.7127659574468085,0.04018935368563424,68.4,22.833016,108.362193
整租·荣和大地二组团 6室0厅 东南,2400,青秀区-凤岭北-荣和大地二组团,6室0厅2卫,88.0,东南,https://nn.zu.ke.com/zufang/NN2002299990029893632.html,10.8公里,34分钟,48分钟,9.5公里,127分钟,48.0,0.978257268284602,0.6063829787234043,0.02782339870543909,63.9,22.828629,108.403309
整租·华龙苑小区 3室2厅 南,2500,青秀区-青秀万达-华龙苑小区,3室2厅2卫,120.0,南,https://nn.zu.ke.com/zufang/NN1932644620349472768.html,6.4公里,26分钟,38分钟,5.3公里,71分钟,38.0,0.9772219001076783,0.7127659574468085,0.04018935368563424,68.4,22.833016,108.362193
整租·金科博翠山 3室2厅 南,1700,良庆区-玉洞-金科博翠山,3室2厅2卫,98.65,南,https://nn.zu.ke.com/zufang/NN1988151077739954176.html,13.4公里,39分钟,48分钟,13.0公里,174分钟,48.0,0.985504845523068,0.6063829787234043,0.03193894309728529,64.3,22.729995,108.355092
整租·中房翡翠园二期 3室2厅 南,2500,青秀区-琅东-中房翡翠园二期,3室2厅2卫,100.0,南,https://nn.zu.ke.com/zufang/NN2052983843085877248.html,10.5公里,34分钟,35分钟,10.4公里,138分钟,35.0,0.9772219001076783,0.7446808510638298,0.032460631823012266,69.5,22.804544,108.415486
整租·虹桥新城 1室1厅 南,1100,兴宁区-兴宁东-虹桥新城,1室1厅1卫,43.0,南,https://nn.zu.ke.com/zufang/NN2056666691865149440.html,13.4公里,36分钟,45分钟,9.3公里,124分钟,45.0,0.9917170545846102,0.6382978723404256,0.010433774514539657,65.4,22.859505,108.38732
整租·印象·愉景湾 4室2厅 南,1500,良庆区-五象湖-印象 - 愉景湾,4室2厅2卫,109.69,南,https://nn.zu.ke.com/zufang/NN2035558161670209536.html,20.9公里,49分钟,79分钟,19.6公里,261分钟,79.0,0.9875755818769154,0.2765957446808511,0.03620519756545261,51.3,22.682391,108.398902
整租·威宁青运村 3室2厅 东南,2400,良庆区-五象核心区-威宁青运村,3室2厅2卫,103.0,东南,https://nn.zu.ke.com/zufang/NN2054081078318071808.html,12.3公里,41分钟,51分钟,12.0公里,161分钟,51.0,0.978257268284602,0.574468085106383,0.033619940102405564,62.8,22.751056,108.392038
整租·保利·童心缘 1室1厅 南,2000,青秀区-凤岭北-保利 - 童心缘,1室1厅1卫,50.95,南,https://nn.zu.ke.com/zufang/NN1955866759810514944.html,13.9公里,37分钟,54分钟,10.3公里,137分钟,54.0,0.9823987409922968,0.5425531914893617,0.013505941454931891,61.3,22.8177,108.366407
整租·星湖路北二里8号小区 4室2厅 南/北,3500,青秀区-星湖-星湖路北二里8号小区,4室2厅2卫,135.0,,https://nn.zu.ke.com/zufang/NN1980146080204980224.html,3.8公里,17分钟,18分钟,2.8公里,37分钟,18.0,0.9668682183384412,0.925531914893617,0.04598589508260072,76.6,22.810384,108.342845
整租·恒大绿洲3期 2室2厅 南,1600,良庆区-大沙田-恒大绿洲3期,2室2厅1卫,82.4,南,https://nn.zu.ke.com/zufang/NN2059941919760318464.html,8.8公里,30分钟,42分钟,8.3公里,110分钟,42.0,0.9865402136999917,0.6702127659574468,0.02565935658390494,66.8,22.757367,108.341816
整租·建发五象印月 4室2厅 南/北,3500,良庆区-五象湖-建发五象印月,4室2厅2卫,133.0,,https://nn.zu.ke.com/zufang/NN1933493870037827584.html,14.4公里,43分钟,52分钟,12.2公里,162分钟,52.0,0.9668682183384412,0.5638297872340425,0.045213022896338516,62.1,22.736995,108.376435
整租·城市碧园 4室2厅 东南,2500,西乡塘区-西大-城市碧园,4室2厅2卫,124.0,东南,https://nn.zu.ke.com/zufang/NN2052328297894772736.html,7.9公里,25分钟,18分钟,4.7公里,62分钟,18.0,0.9772219001076783,0.925531914893617,0.04173509805815863,76.9,22.831001,108.289016
整租·云星钱隆首府E地块 3室2厅 南,3000,良庆区-五象核心区-云星钱隆首府E地块,3室2厅2卫,115.0,南,https://nn.zu.ke.com/zufang/NN1979162645588082688.html,9.8公里,37分钟,40分钟,9.3公里,124分钟,40.0,0.9720450592230597,0.6914893617021277,0.03825717321997875,67.3,22.77064,108.377577
整租·万科星都荟三期 4室2厅 南/北,1300,良庆区-五象湖-万科星都荟三期,4室2厅2卫,120.0,,https://nn.zu.ke.com/zufang/NN1979816278168174592.html,17.0公里,45分钟,72分钟,14.9公里,199分钟,72.0,0.9896463182307629,0.35106382978723405,0.04018935368563424,54.4,22.70885,108.37706
整租·保利明玥江山 3室2厅 南,1700,良庆区-五象文旅-保利明玥江山,3室2厅2卫,97.6,南,https://nn.zu.ke.com/zufang/NN2026346193742725120.html,14.9公里,45分钟,54分钟,14.5公里,193分钟,54.0,0.985504845523068,0.5425531914893617,0.03153318519949763,61.8,22.750862,108.416514
整租·融创九棠府二期 4室2厅 南,1800,良庆区-五象湖-融创九棠府二期,4室2厅2卫,132.0,南,https://nn.zu.ke.com/zufang/NN1582947961820676096.html,15.1公里,44分钟,62分钟,14.2公里,189分钟,62.0,0.9844694773461443,0.4574468085106383,0.04482658680320742,58.6,22.736817,108.400443
整租·荣和·千千树 3室1厅 南/北,2600,青秀区-凤岭北-荣和 - 千千树,3室1厅2卫,88.0,,https://nn.zu.ke.com/zufang/NN2020845710315880448.html,12.4公里,34分钟,48分钟,8.7公里,116分钟,48.0,0.9761865319307546,0.6063829787234043,0.02782339870543909,63.9,22.8177,108.366407
整租·宝能五象湖一号 3室2厅 南,1700,良庆区-五象湖-宝能五象湖一号,3室2厅2卫,84.0,南,https://nn.zu.ke.com/zufang/NN2051600155848736768.html,13.2公里,42分钟,49分钟,11.8公里,158分钟,49.0,0.985504845523068,0.5957446808510638,0.026277654332914693,63.8,22.744205,108.381121
整租·融创九棠府二期 4室2厅 南,1800,良庆区-五象湖-融创九棠府二期,4室2厅2卫,132.0,南,https://nn.zu.ke.com/zufang/NN1582947961820676096.html,15.1公里,44分钟,62分钟,14.2公里,189分钟,62.0,0.9844694773461443,0.4574468085106383,0.04482658680320742,58.6,22.736817,108.400443
整租·云星钱隆首府E地块 3室2厅 南,3000,良庆区-五象核心区-云星钱隆首府E地块,3室2厅2卫,115.0,南,https://nn.zu.ke.com/zufang/NN1979162645588082688.html,9.8公里,37分钟,40分钟,9.3公里,124分钟,40.0,0.9720450592230597,0.6914893617021277,0.03825717321997875,67.3,22.77064,108.377577
整租·万科星都荟三期 4室2厅 南/北,1300,良庆区-五象湖-万科星都荟三期,4室2厅2卫,120.0,,https://nn.zu.ke.com/zufang/NN1979816278168174592.html,17.0公里,45分钟,72分钟,14.9公里,199分钟,72.0,0.9896463182307629,0.35106382978723405,0.04018935368563424,54.4,22.70885,108.37706
整租·阳光100上东国际 1室0厅 南,1900,青秀区-琅东-阳光100上东国际,1室0厅0卫,69.0,南,https://nn.zu.ke.com/zufang/NN2021089339257126912.html,9.9公里,33分钟,29分钟,9.4公里,126分钟,29.0,0.9834341091692206,0.8085106382978723,0.020481112935948217,72.1,22.811386,108.407496
整租·保利明玥江山 3室2厅 南,1700,良庆区-五象文旅-保利明玥江山,3室2厅2卫,97.6,南,https://nn.zu.ke.com/zufang/NN2026346193742725120.html,14.9公里,45分钟,54分钟,14.5公里,193分钟,54.0,0.985504845523068,0.5425531914893617,0.03153318519949763,61.8,22.750862,108.416514
整租·柏涛湾小区 3室2厅 复式 南,1600,西乡塘区-北湖南-柏涛湾小区,3室2厅1卫,120.0,南,https://nn.zu.ke.com/zufang/NN2022913617472520192.html,5.1公里,25分钟,34分钟,4.7公里,62分钟,34.0,0.9865402136999917,0.7553191489361702,0.04018935368563424,70.5,22.851723,108.318246
整租·驰程天拓 2室1厅 西,1300,西乡塘区-石埠-驰程天拓,2室1厅1卫,64.0,西,https://nn.zu.ke.com/zufang/NN2053777662584815616.html,16.7公里,34分钟,30分钟,14.0公里,186分钟,30.0,0.9896463182307629,0.7978723404255319,0.018548932470292726,71.9,22.834028,108.200925
整租·空军集资楼小区 4室2厅 南/北,2200,青秀区-星湖-空军集资楼小区,4室2厅2卫,120.0,,https://nn.zu.ke.com/zufang/NN1803646253649625088.html,4.1公里,17分钟,25分钟,2.8公里,37分钟,25.0,0.9803280046384494,0.851063829787234,0.04018935368563424,74.1,22.810384,108.342845
整租·云星时代广场 1室1厅 东南,1900,良庆区-五象核心区-云星时代广场,1室1厅1卫,40.0,东南,https://nn.zu.ke.com/zufang/NN2032418927987916800.html,11.3公里,40分钟,44分钟,10.0公里,134分钟,44.0,0.9834341091692206,0.648936170212766,0.009274466235146363,65.5,22.774177,108.298602
整租·中房翡翠园二期 3室2厅 南,2700,青秀区-琅东-中房翡翠园二期,3室2厅2卫,129.0,南,https://nn.zu.ke.com/zufang/NN2055200104553381888.html,10.5公里,34分钟,35分钟,10.4公里,138分钟,35.0,0.9751511637538308,0.7446808510638298,0.04366727852381412,69.7,22.807266,108.413491
整租·金科博翠山 3室2厅 南/北,1800,良庆区-玉洞-金科博翠山,3室2厅2卫,100.0,,https://nn.zu.ke.com/zufang/NN1955288758769156096.html,13.4公里,39分钟,48分钟,13.0公里,174分钟,48.0,0.9844694773461443,0.6063829787234043,0.032460631823012266,64.3,22.729619,108.356554
整租·合景天汇广场 4室2厅 南/北,1800,良庆区-五象湖-合景天汇广场,4室2厅2卫,113.0,,https://nn.zu.ke.com/zufang/NN1964978114635235328.html,15.0公里,44分钟,40分钟,13.8公里,185分钟,40.0,0.9844694773461443,0.6914893617021277,0.03748430103371655,67.8,22.728836,108.380936
整租·金都新巢时代 1室1厅 南,1300,西乡塘区-朝阳-金都新巢时代,1室1厅1卫,50.0,南,https://nn.zu.ke.com/zufang/NN2045806445080870912.html,2.3公里,11分钟,28分钟,2.0公里,26分钟,28.0,0.9896463182307629,0.8191489361702128,0.013138827166457347,72.6,22.816452,108.30525
整租·平安家园 3室2厅 南/北,2300,青秀区-凤岭北-平安家园,3室2厅2卫,107.0,,https://nn.zu.ke.com/zufang/NN2014595757130121216.html,7.5公里,32分钟,31分钟,7.6公里,102分钟,31.0,0.9792926364615258,0.7872340425531915,0.03516568447492996,71.4,22.815993,108.387449
整租·中铁江湾山语城 4室2厅 南,1500,邕宁区-龙岗-中铁江湾山语城,4室2厅2卫,90.0,南,https://nn.zu.ke.com/zufang/NN2023688325520424960.html,18.8公里,40分钟,76分钟,17.3公里,231分钟,76.0,0.9875755818769154,0.30851063829787234,0.028596270891701286,52.4,22.783117,108.456964
整租·保利领秀前城领秀府 4室2厅 南,2500,青秀区-凤岭南-保利领秀前城领秀府,4室2厅2卫,92.0,南,https://nn.zu.ke.com/zufang/NN2022685900323946496.html,14.7公里,44分钟,57分钟,13.0公里,173分钟,57.0,0.9772219001076783,0.5106382978723404,0.029369143077963483,60.1,22.788961,108.423034
整租·云星城 1室1厅 南,2000,青秀区-星湖-云星城,1室1厅1卫,43.43,南,https://nn.zu.ke.com/zufang/NN2043978922890100736.html,2.1公里,10分钟,11分钟,2.0公里,27分钟,11.0,0.9823987409922968,1.0,0.01059994203458603,79.5,22.81456,108.336785
整租·华银阁 2室1厅 南,3500,青秀区-东葛路-华银阁,2室1厅1卫,133.0,南,https://nn.zu.ke.com/zufang/NN1604434017053048832.html,2.0公里,7分钟,12分钟,1.6公里,21分钟,12.0,0.9668682183384412,0.9893617021276596,0.045213022896338516,79.2,22.814048,108.335117
整租·嘉和自由空间 1室0厅 南,1400,青秀区-东葛路-嘉和自由空间,1室0厅1卫,48.0,南,https://nn.zu.ke.com/zufang/NN1615927041109000192.html,2.3公里,9分钟,18分钟,1.5公里,20分钟,18.0,0.9886109500538391,0.925531914893617,0.012365954980195151,76.8,22.81569,108.334748
整租·广西民族宫 2室1厅 东,6800,青秀区-东葛路-广西民族宫,2室1厅0卫,168.7,东,https://nn.zu.ke.com/zufang/NN1610159254721789952.html,1.7公里,7分钟,11分钟,1.6公里,22分钟,11.0,0.9327010684999586,1.0,0.05900879142111873,78.5,22.813797,108.334869
整租·亚航财富中心 1室1厅 北,3200,青秀区-金湖-亚航财富中心,1室1厅1卫,67.42,北,https://nn.zu.ke.com/zufang/NN1596382455080681472.html,5.3公里,25分钟,22分钟,5.4公里,72分钟,22.0,0.9699743228692123,0.8829787234042553,0.019870543908801084,74.5,22.814222,108.369055
整租·印象·愉景湾 3室2厅 南,800,良庆区-五象湖-印象 - 愉景湾,3室2厅1卫,85.0,南,https://nn.zu.ke.com/zufang/NN1592892476077637632.html,20.9公里,48分钟,79分钟,19.6公里,261分钟,79.0,0.9948231591153814,0.2765957446808511,0.026664090426045794,51.4,22.682391,108.398902
整租·亚航财富中心 1室1厅 北,2900,青秀区-金湖-亚航财富中心,1室1厅1卫,58.81,北,https://nn.zu.ke.com/zufang/NN1596381119782060032.html,5.3公里,25分钟,22分钟,5.4公里,72分钟,22.0,0.9730804273999835,0.8829787234042553,0.016543329146942325,74.6,22.814222,108.369055
整租·农行宿舍 3室2厅 南,2000,青秀区-星湖-农行宿舍,3室2厅1卫,120.0,南,https://nn.zu.ke.com/zufang/NN2868662225323687936.html,4.1公里,17分钟,25分钟,2.8公里,37分钟,25.0,0.9823987409922968,0.851063829787234,0.04018935368563424,74.1,22.807401,108.339848
整租·利海亚洲国际 1室1厅 南,1800,青秀区-东盟商务区-利海亚洲国际,1室1厅1卫,54.0,南,https://nn.zu.ke.com/zufang/NN1570273900338610176.html,8.7公里,44分钟,31分钟,8.6公里,114分钟,31.0,0.9844694773461443,0.7872340425531915,0.014684571538981742,71.2,22.808504,108.396643
整租·大唐盛世观湖 4室2厅 南/北,1500,邕宁区-龙岗-大唐盛世观湖,4室2厅2卫,117.0,,https://nn.zu.ke.com/zufang/NN1569271924968652800.html,20.4公里,45分钟,87分钟,19.8公里,264分钟,87.0,0.9875755818769154,0.19148936170212766,0.03903004540624094,47.9,22.768928,108.478524
整租·广西民族宫 1室1厅 东南,1800,青秀区-东葛路-广西民族宫,1室1厅0卫,45.0,东南,https://nn.zu.ke.com/zufang/NN2873997451927764992.html,1.7公里,7分钟,11分钟,1.6公里,22分钟,11.0,0.9844694773461443,1.0,0.011206646700801855,79.6,22.815167,108.334668
整租·融创九棠府二期 4室2厅 南,2000,良庆区-五象湖-融创九棠府二期,4室2厅2卫,131.0,南,https://nn.zu.ke.com/zufang/NN2900020447724969984.html,15.1公里,44分钟,62分钟,14.2公里,189分钟,62.0,0.9823987409922968,0.4574468085106383,0.04444015071007632,58.5,22.736817,108.400443
整租·广西路桥总公司一分公司五一路生活区 3室1厅 南,1100,江南区-五一路-广西路桥总公司一分公司五一路生活区,3室1厅1卫,75.0,南,https://nn.zu.ke.com/zufang/NN2891370395552710656.html,7.5公里,19分钟,30分钟,6.0公里,80分钟,30.0,0.9917170545846102,0.7978723404255319,0.02279972949473481,72.0,22.803596,108.275361
整租·中铁交通天地明珠 4室2厅 南,2300,邕宁区-龙岗-中铁交通天地明珠,4室2厅2卫,144.0,南,https://nn.zu.ke.com/zufang/NN2618631424072761344.html,18.3公里,46分钟,67分钟,18.1公里,241分钟,67.0,0.9792926364615258,0.40425531914893614,0.049463819920780604,56.3,22.779493,108.44092
整租·荣和山水美地4组团微笑湾 3室2厅 南/北,2400,青秀区-凤岭北-荣和山水美地4组团微笑湾,3室2厅2卫,127.0,,https://nn.zu.ke.com/zufang/NN2644699932195561472.html,9.3公里,33分钟,37分钟,9.3公里,124分钟,37.0,0.978257268284602,0.723404255319149,0.04289440633755193,68.9,22.818257,108.405126
整租·星湖路南一里14 3室2厅 南/北,1800,青秀区-星湖-星湖路南一里14,3室2厅1卫,77.0,,https://nn.zu.ke.com/zufang/NN2695693025601912832.html,2.0公里,10分钟,16分钟,1.5公里,20分钟,16.0,0.9844694773461443,0.9468085106382979,0.023572601680997004,77.7,22.805454,108.340674
整租·盛邦珑湖 6室2厅 南,2500,良庆区-玉洞-盛邦珑湖,6室2厅2卫,180.0,南,https://nn.zu.ke.com/zufang/NN2705133084160311296.html,12.7公里,37分钟,63分钟,12.0公里,160分钟,63.0,0.9772219001076783,0.44680851063829785,0.06337551927350014,58.2,22.736849,108.358183
整租·万达茂·御江国际 3室2厅 南,2800,邕宁区-五象文旅-万达茂 - 御江国际,3室2厅2卫,120.0,南,https://nn.zu.ke.com/zufang/NN2696902522223722496.html,15.2公里,35分钟,89分钟,15.2公里,203分钟,89.0,0.9741157955769072,0.1702127659574468,0.04018935368563424,46.6,22.774097,108.433236
整租·长湖景苑 5室2厅 东南/南,4000,青秀区-青秀万达-长湖景苑,5室2厅2卫,178.0,,https://nn.zu.ke.com/zufang/NN2818944284454567936.html,5.0公里,23分钟,33分钟,4.9公里,66分钟,33.0,0.9616913774538226,0.7659574468085106,0.06260264708723795,70.4,22.828904,108.363758
整租·中房翡翠园二期 4室2厅 南,7800,青秀区-琅东-中房翡翠园二期,4室2厅2卫,128.0,南,https://nn.zu.ke.com/zufang/NN2823916088197120000.html,10.5公里,34分钟,35分钟,10.4公里,138分钟,35.0,0.9223473867307215,0.7446808510638298,0.043280842430683024,67.5,22.804544,108.415486
整租·凯丰大厦 1室0厅 东,1300,青秀区-东葛路-凯丰大厦,1室0厅1卫,45.0,东,https://nn.zu.ke.com/zufang/NN2778277091232727040.html,2.6公里,13分钟,24分钟,2.2公里,30分钟,24.0,0.9896463182307629,0.8617021276595744,0.011206646700801855,74.3,22.819499,108.341418
整租·香格里拉花园 5室2厅 东南,5200,青秀区-凤岭北-香格里拉花园,5室2厅3卫,234.0,东南,https://nn.zu.ke.com/zufang/NN2767203103861653504.html,7.5公里,32分钟,38分钟,7.0公里,94分钟,38.0,0.949266959330738,0.7127659574468085,0.08424306830257947,68.2,22.824016,108.381315
整租·外滩新城 5室2厅 南/北,13000,青秀区-星湖-外滩新城,5室2厅3卫,500.0,,https://nn.zu.ke.com/zufang/NN2839938722424954880.html,1.4公里,7分钟,18分钟,1.4公里,18分钟,18.0,0.8685082415306883,0.925531914893617,0.18703506907545164,75.5,22.808061,108.323959
整租·融创九棠府一期 4室2厅 东南,2000,良庆区-五象湖-融创九棠府一期,4室2厅2卫,125.0,东南,https://nn.zu.ke.com/zufang/NN1667513442883338240.html,14.4公里,41分钟,58分钟,14.1公里,188分钟,58.0,0.9823987409922968,0.5,0.04212153415128973,60.1,22.736957,108.398144
整租·汇金苑 2室1厅 东南,2500,青秀区-金湖-汇金苑,2室1厅1卫,95.0,东南,https://nn.zu.ke.com/zufang/NN1669634666027548672.html,5.2公里,23分钟,22分钟,5.1公里,67分钟,22.0,0.9772219001076783,0.8829787234042553,0.030528451357356778,75.0,22.810446,108.363075
合租·江悦蓝湾 4居室 东南卧,800,良庆区-五象核心区-江悦蓝湾,4室2厅2卫,28.0,东南,https://nn.zu.ke.com/zufang/NN1665997687725490176.html,9.3公里,32分钟,40分钟,9.4公里,125分钟,40.0,0.9948231591153814,0.6914893617021277,0.004637233117573181,67.5,22.773171,108.379392
整租·天誉城 3室2厅 南,1800,良庆区-五象文旅-天誉城,3室2厅2卫,60.0,南,https://nn.zu.ke.com/zufang/NN2060275570591137792.html,15.6公里,44分钟,50分钟,14.9公里,198分钟,50.0,0.9844694773461443,0.5851063829787234,0.01700318809776833,63.1,22.756519,108.427549
整租·阳光绿城第六组团 3室2厅 东/南,1700,兴宁区-东沟岭-阳光绿城第六组团,3室2厅1卫,85.0,,https://nn.zu.ke.com/zufang/NN2060364873178546176.html,6.1公里,23分钟,39分钟,5.4公里,72分钟,39.0,0.985504845523068,0.7021276595744681,0.026664090426045794,68.0,22.850216,108.347671
整租·中海半山壹号 5室2厅 南,3900,青秀区-仙葫-中海半山壹号,5室2厅3卫,213.0,南,https://nn.zu.ke.com/zufang/NN2046100616408727552.html,20.6公里,49分钟,85分钟,19.0公里,254分钟,85.0,0.9627267456307463,0.2127659574468085,0.0761279103468264,48.5,22.808388,108.486239
整租·盘龙居小区 4室2厅 东南,2500,青秀区-凤岭北-盘龙居小区,4室2厅2卫,143.0,东南,https://nn.zu.ke.com/zufang/NN2051314888982134784.html,8.6公里,31分钟,46分钟,7.7公里,103分钟,46.0,0.9772219001076783,0.6276595744680851,0.0490773838276495,65.2,22.826909,108.387457
整租·东长小区 4室2厅 南/北,2600,青秀区-东葛路-东长小区,4室2厅2卫,150.0,,https://nn.zu.ke.com/zufang/NN1917421422951530496.html,4.6公里,20分钟,28分钟,4.5公里,60分钟,28.0,0.9761865319307546,0.8191489361702128,0.05178243647956719,72.8,22.830507,108.358661
整租·水泥厂宿舍 3室2厅 南/北,2500,青秀区-青秀万达-水泥厂宿舍,3室2厅2卫,113.0,,https://nn.zu.ke.com/zufang/NN1963496740661231616.html,21.3公里,48分钟,69分钟,20.0公里,266分钟,69.0,0.9772219001076783,0.3829787234042553,0.03748430103371655,55.2,22.829845,108.373775
整租·水泥厂宿舍 4室2厅 南/北,2500,青秀区-青秀万达-水泥厂宿舍,4室2厅2卫,110.0,,https://nn.zu.ke.com/zufang/NN1999688661016248320.html,21.3公里,48分钟,69分钟,20.0公里,266分钟,69.0,0.9772219001076783,0.3829787234042553,0.03632499275432326,55.1,22.785833,108.495204
整租·金科博翠山 3室1厅 南,1500,良庆区-玉洞-金科博翠山,3室1厅2卫,97.0,南,https://nn.zu.ke.com/zufang/NN2060604177838505984.html,13.4公里,38分钟,48分钟,13.0公里,174分钟,48.0,0.9875755818769154,0.6063829787234043,0.031301323543618975,64.4,22.729995,108.355092
整租·南宁中华路高层职工住宅综合楼 3室2厅 东南,2300,兴宁区-西大-南宁中华路高层职工住宅综合楼,3室2厅2卫,124.0,东南,https://nn.zu.ke.com/zufang/NN2033765833582313472.html,2.1公里,13分钟,12分钟,1.4公里,19分钟,12.0,0.9792926364615258,0.9893617021276596,0.04173509805815863,79.6,22.827113,108.317656
整租·金源CBD现代城 7室3厅 南,22000,青秀区-金湖-金源CBD现代城,7室3厅3卫,509.0,南,https://nn.zu.ke.com/zufang/NN2045707074456780800.html,5.8公里,27分钟,26分钟,5.7公里,76分钟,26.0,0.7753251056075541,0.8404255319148937,0.19051299391363152,68.4,22.818228,108.369612
整租·金科博翠山 4室2厅 南,1600,良庆区-玉洞-金科博翠山,4室2厅2卫,128.0,南,https://nn.zu.ke.com/zufang/NN1976099551894831104.html,13.4公里,38分钟,48分钟,13.0公里,174分钟,48.0,0.9865402136999917,0.6063829787234043,0.043280842430683024,64.6,22.729619,108.356554
整租·天誉花园7组团 2室1厅 南,1100,良庆区-五象文旅-天誉花园7组团,2室1厅1卫,60.0,南,https://nn.zu.ke.com/zufang/NN2060045332909129728.html,15.3公里,44分钟,53分钟,14.2公里,189分钟,53.0,0.9917170545846102,0.5531914893617021,0.01700318809776833,62.1,22.748744,108.41453
整租·颐华居 3室2厅 北,1800,西乡塘区-心圩区-颐华居,3室2厅1卫,89.0,北,https://nn.zu.ke.com/zufang/NN2059194811574910976.html,9.2公里,20分钟,25分钟,7.5公里,100分钟,25.0,0.9844694773461443,0.851063829787234,0.028209834798570185,74.0,22.835912,108.264365
整租·万科珈蓝 4室2厅 南,1800,良庆区-五象湖-万科珈蓝,4室2厅2卫,143.0,南,https://nn.zu.ke.com/zufang/NN2054517119306956800.html,13.2公里,41分钟,49分钟,11.8公里,158分钟,49.0,0.9844694773461443,0.5957446808510638,0.0490773838276495,64.2,22.725084,108.401528
整租·彰泰郡 3室2厅 南,1200,良庆区-五象湖-彰泰郡,3室2厅2卫,86.0,南,https://nn.zu.ke.com/zufang/NN2041182506220257280.html,17.4公里,45分钟,62分钟,15.9公里,212分钟,62.0,0.9906816864076866,0.4574468085106383,0.02705052651917689,58.5,22.704657,108.381008
整租·锦麟玖玺 3室2厅 南,1500,良庆区-五象湖-锦麟玖玺,3室2厅2卫,112.0,南,https://nn.zu.ke.com/zufang/NN2006683851417452544.html,13.2公里,41分钟,49分钟,11.8公里,158分钟,49.0,0.9875755818769154,0.5957446808510638,0.03709786494058545,64.1,22.736926,108.379713
整租·江悦蓝湾 1室1厅 东南/南,1200,良庆区-五象核心区-江悦蓝湾,1室1厅1卫,69.0,,https://nn.zu.ke.com/zufang/NN2059926062237745152.html,9.3公里,32分钟,40分钟,9.4公里,125分钟,40.0,0.9906816864076866,0.6914893617021277,0.020481112935948217,67.7,22.771804,108.378928
整租·时代茗城 4室2厅 南,2500,兴宁区-东沟岭-时代茗城,4室2厅2卫,128.0,南,https://nn.zu.ke.com/zufang/NN2036341981394763776.html,4.1公里,20分钟,36分钟,3.2公里,42分钟,36.0,0.9772219001076783,0.7340425531914894,0.043280842430683024,69.3,22.832688,108.337506
整租·广西警察学院教职工宿舍 3室1厅 南,1500,青秀区-东葛路-广西警察学院教职工宿舍,3室1厅1卫,70.0,南,https://nn.zu.ke.com/zufang/NN2052647828634730496.html,7.3公里,24分钟,34分钟,4.9公里,65分钟,34.0,0.9875755818769154,0.7553191489361702,0.020867549029079314,70.1,22.833007,108.356857
整租·畅春湖山庄 3室2厅 南,1500,兴宁区-东沟岭-畅春湖山庄,3室2厅2卫,115.0,南,https://nn.zu.ke.com/zufang/NN2053680538077626368.html,12.2公里,31分钟,32分钟,7.5公里,100分钟,32.0,0.9875755818769154,0.776595744680851,0.03825717321997875,71.3,22.851899,108.362542
整租·中天世纪花园 2室1厅 南,2200,青秀区-东葛路-中天世纪花园,2室1厅1卫,86.0,南,https://nn.zu.ke.com/zufang/NN2050170738605817856.html,6.0公里,24分钟,30分钟,4.6公里,61分钟,30.0,0.9803280046384494,0.7978723404255319,0.02705052651917689,71.7,22.828146,108.360885
整租·彰泰滨江学府 4室2厅 南/北,3000,良庆区-五象核心区-彰泰滨江学府,4室2厅2卫,142.0,,https://nn.zu.ke.com/zufang/NN2039656722406047744.html,9.9公里,34分钟,39分钟,8.0公里,106分钟,39.0,0.9720450592230597,0.7021276595744681,0.0486909477345184,67.9,22.771248,108.362131
整租·云星尚雅名都 3室2厅 南,1600,江南区-经开区-云星尚雅名都,3室2厅2卫,93.0,南,https://nn.zu.ke.com/zufang/NN2053134243491479552.html,6.5公里,20分钟,38分钟,6.3公里,84分钟,38.0,0.9865402136999917,0.7127659574468085,0.02975557917109458,68.6,22.77565,108.299771
整租·同人·西湖东郡 3室1厅 东,1600,西乡塘区-心圩区-同人 - 西湖东郡,3室1厅1卫,86.0,东,https://nn.zu.ke.com/zufang/NN2059271932993339392.html,11.2公里,24分钟,34分钟,8.8公里,117分钟,34.0,0.9865402136999917,0.7553191489361702,0.02705052651917689,70.2,22.8177,108.366407
整租·畅春湖山庄 3室2厅 南,1500,兴宁区-东沟岭-畅春湖山庄,3室2厅2卫,100.0,南,https://nn.zu.ke.com/zufang/NN2045357877522071552.html,12.2公里,31分钟,32分钟,7.5公里,100分钟,32.0,0.9875755818769154,0.776595744680851,0.032460631823012266,71.2,22.854091,108.363159
整租·万科金域蓝湾 4室2厅 南,2100,良庆区-五象湖-万科金域蓝湾,4室2厅2卫,108.0,南,https://nn.zu.ke.com/zufang/NN2011726574189019136.html,13.3公里,38分钟,51分钟,12.8公里,170分钟,51.0,0.9813633728153731,0.574468085106383,0.035552120568061056,62.9,22.731777,108.376699
整租·恒大雅苑 3室3厅 东南,1500,兴宁区-凤岭北-恒大雅苑,3室3厅2卫,110.0,东南,https://nn.zu.ke.com/zufang/NN2053826688525008896.html,17.6公里,39分钟,72分钟,14.1公里,188分钟,72.0,0.9875755818769154,0.35106382978723405,0.03632499275432326,54.3,22.866402,108.418058
整租·梦之岛花园 4室2厅 南,2500,青秀区-琅东-梦之岛花园,4室2厅2卫,135.0,南,https://nn.zu.ke.com/zufang/NN2043935331891281920.html,12.1公里,37分钟,45分钟,11.2公里,150分钟,45.0,0.9772219001076783,0.6382978723404256,0.04598589508260072,65.5,22.80054,108.422949
整租·龙光玖誉湖林湖 3室2厅 南,1400,良庆区-五象文旅-龙光玖誉湖林湖,3室2厅2卫,90.0,南,https://nn.zu.ke.com/zufang/NN2054813530300874752.html,14.4公里,42分钟,55分钟,14.1公里,188分钟,55.0,0.9886109500538391,0.5319148936170213,0.028596270891701286,61.4,22.747132,108.410606
整租·新城悦隽风华 3室2厅 南,1500,邕宁区-龙岗-新城悦隽风华,3室2厅2卫,100.0,南,https://nn.zu.ke.com/zufang/NN2035763563779325952.html,15.3公里,37分钟,71分钟,15.8公里,210分钟,71.0,0.9875755818769154,0.3617021276595745,0.032460631823012266,54.6,22.768093,108.441051
整租·桃源湖居 2室1厅 东,700,青秀区-星湖-桃源湖居,2室1厅1卫,90.0,东,https://nn.zu.ke.com/zufang/NN2006281972942372864.html,2.6公里,11分钟,29分钟,2.7公里,36分钟,29.0,0.9958585272923052,0.8085106382978723,0.028596270891701286,72.7,22.801354,108.333979
整租·万达茂天樾 1室1厅 东南,800,邕宁区-五象文旅-万达茂天樾,1室1厅1卫,50.0,东南,https://nn.zu.ke.com/zufang/NN2057732357309333504.html,14.3公里,34分钟,68分钟,14.6公里,195分钟,68.0,0.9948231591153814,0.39361702127659576,0.013138827166457347,55.8,22.768881,108.434268
整租·植物路区信托宿舍 2室1厅 南,900,青秀区-星湖-植物路区信托宿舍,2室1厅1卫,82.5,南,https://nn.zu.ke.com/zufang/NN2052378724258545664.html,3.4公里,17分钟,27分钟,3.2公里,43分钟,27.0,0.9937877909384577,0.8297872340425532,0.025698000193218048,73.5,22.802078,108.326141
整租·东盟世纪村 2室2厅 南,1000,青秀区-柳沙-东盟世纪村,2室2厅1卫,88.0,南,https://nn.zu.ke.com/zufang/NN2047914945110081536.html,6.7公里,27分钟,52分钟,6.3公里,84分钟,52.0,0.992752422761534,0.5638297872340425,0.02782339870543909,62.8,22.779282,108.351193
整租·广源悦府 3室2厅 东南,1500,良庆区-五象核心区-广源悦府,3室2厅2卫,113.0,东南,https://nn.zu.ke.com/zufang/NN2042553642208198656.html,11.3公里,34分钟,46分钟,11.0公里,147分钟,46.0,0.9875755818769154,0.6276595744680851,0.03748430103371655,65.4,22.767189,108.397075
整租·塞纳维拉花园 4室2厅 错层 南,5000,青秀区-凤岭北-塞纳维拉花园,4室2厅2卫,143.0,南,https://nn.zu.ke.com/zufang/NN1958409064580907008.html,9.9公里,33分钟,35分钟,9.9公里,132分钟,35.0,0.9513376956845855,0.7446808510638298,0.0490773838276495,68.8,22.817987,108.409228
整租·云星城 1室0厅 东南,2000,青秀区-星湖-云星城,1室0厅1卫,35.0,东南,https://nn.zu.ke.com/zufang/NN1958401914915782656.html,2.1公里,9分钟,11分钟,2.0公里,27分钟,11.0,0.9823987409922968,1.0,0.007342285769490871,79.4,22.81456,108.336785
整租·亿鼎安吉商业广场 1室1厅 北,4600,西乡塘区-安吉-亿鼎安吉商业广场,1室1厅1卫,212.0,北,https://nn.zu.ke.com/zufang/NN1958359683706126336.html,7.8公里,25分钟,29分钟,6.8公里,90分钟,29.0,0.9554791683922803,0.8085106382978723,0.07574147425369529,72.1,22.870233,108.298226
整租·幸福里 2室2厅 南,8300,青秀区-东盟商务区-幸福里,2室2厅1卫,98.0,南,https://nn.zu.ke.com/zufang/NN1958444168111980544.html,8.3公里,37分钟,29分钟,8.2公里,110分钟,29.0,0.9171705458461029,0.8085106382978723,0.03168775963675007,69.7,22.811471,108.393714
整租·桂盐大厦 4室2厅 东南,4000,青秀区-金湖-桂盐大厦,4室2厅2卫,150.0,东南,https://nn.zu.ke.com/zufang/NN1957724238987132928.html,6.0公里,27分钟,20分钟,5.8公里,77分钟,20.0,0.9616913774538226,0.9042553191489362,0.05178243647956719,75.7,22.81218,108.372129
整租·凯业花园 4室2厅 南/北,5000,青秀区-青秀万达-凯业花园,4室2厅2卫,140.0,,https://nn.zu.ke.com/zufang/NN1957817833966534656.html,6.3公里,25分钟,38分钟,5.3公里,71分钟,38.0,0.9513376956845855,0.7127659574468085,0.04791807554825621,67.5,22.831214,108.366252
整租·光明·澜湾九里 3室2厅 东南,1700,良庆区-五象核心区-光明 - 澜湾九里,3室2厅1卫,89.0,东南,https://nn.zu.ke.com/zufang/NN1958030999656857600.html,12.2公里,40分钟,42分钟,11.8公里,158分钟,42.0,0.985504845523068,0.6702127659574468,0.028209834798570185,66.8,22.761957,108.402738
整租·和润园 4室2厅 南,5200,青秀区-东盟商务区-和润园,4室2厅2卫,158.0,南,https://nn.zu.ke.com/zufang/NN1958043304385839104.html,10.9公里,41分钟,42分钟,9.8公里,130分钟,42.0,0.949266959330738,0.6702127659574468,0.05487392522461598,65.9,22.806019,108.403202
整租·绿地中央广场二期 3室2厅 南,5000,青秀区-青秀万达-绿地中央广场二期,3室2厅2卫,127.0,南,https://nn.zu.ke.com/zufang/NN1958559728694984704.html,7.7公里,30分钟,53分钟,6.2公里,82分钟,53.0,0.9513376956845855,0.5531914893617021,0.04289440633755193,61.0,22.831618,108.375646
整租·金州琅园 1室0厅 东南,1500,青秀区-金湖-金州琅园,1室0厅1卫,60.0,东南,https://nn.zu.ke.com/zufang/NN1958758749376086016.html,5.8公里,27分钟,26分钟,5.7公里,76分钟,26.0,0.9875755818769154,0.8404255319148937,0.01700318809776833,73.5,22.818222,108.369609
整租·万科金域蓝湾 3室2厅 南,1800,良庆区-五象湖-万科金域蓝湾,3室2厅2卫,89.0,南,https://nn.zu.ke.com/zufang/NN1958869226332618752.html,13.3公里,38分钟,51分钟,12.8公里,170分钟,51.0,0.9844694773461443,0.574468085106383,0.028209834798570185,62.9,22.73252,108.376239
整租·万昌南湖景园 3室2厅 南/北,3800,青秀区-金湖-万昌南湖景园,3室2厅2卫,115.0,,https://nn.zu.ke.com/zufang/NN1958795737869320192.html,5.5公里,24分钟,33分钟,5.1公里,68分钟,33.0,0.96376211380767,0.7659574468085106,0.03825717321997875,70.0,22.804398,108.35861
整租·五象航洋城 2室1厅 南,3280,良庆区-五象核心区-五象航洋城,2室1厅0卫,82.0,南,https://nn.zu.ke.com/zufang/NN1959830806360752128.html,10.8公里,40分钟,34分钟,9.2公里,123分钟,34.0,0.9691460283276733,0.7553191489361702,0.025504782146652496,69.5,22.768174,108.390257
整租·雅典国际 1室1厅 复式 东,1100,青秀区-琅东-雅典国际,1室1厅1卫,40.0,东,https://nn.zu.ke.com/zufang/NN1959891832678645760.html,10.5公里,35分钟,31分钟,10.0公里,133分钟,31.0,0.9917170545846102,0.7872340425531915,0.009274466235146363,71.3,22.81418,108.367564
整租·五洲国际 2室2厅 复式 东南,3800,青秀区-东盟商务区-五洲国际,2室2厅2卫,93.0,东南,https://nn.zu.ke.com/zufang/NN1960273281764294656.html,8.7公里,41分钟,33分钟,8.8公里,118分钟,33.0,0.96376211380767,0.7659574468085106,0.02975557917109458,69.8,22.806844,108.398213
整租·广西水产畜牧学校职工住宅楼 6室2厅 南,4600,青秀区-金湖-广西水产畜牧学校职工住宅楼,6室2厅2卫,189.0,南,https://nn.zu.ke.com/zufang/NN1959810656064503808.html,5.1公里,20分钟,41分钟,5.2公里,69分钟,41.0,0.9554791683922803,0.6808510638297872,0.06685344411168002,66.8,22.798674,108.359422
整租·国信信托宿舍 3室1厅 东南,3500,青秀区-金湖-国信信托宿舍,3室1厅1卫,110.0,东南,https://nn.zu.ke.com/zufang/NN1959498261425291264.html,5.7公里,26分钟,24分钟,5.7公里,76分钟,24.0,0.9668682183384412,0.8617021276595744,0.03632499275432326,73.9,22.809019,108.368615
整租·荣和·东盟国际 2室1厅 南,2800,青秀区-凤岭北-荣和 - 东盟国际,2室1厅1卫,72.0,南,https://nn.zu.ke.com/zufang/NN1959480686750466048.html,8.5公里,31分钟,24分钟,8.7公里,116分钟,24.0,0.9741157955769072,0.8617021276595744,0.021640421215341512,73.9,22.808533,108.403308
整租·彰泰江景湾 3室2厅 南,1800,邕宁区-龙岗-彰泰江景湾,3室2厅2卫,96.0,南,https://nn.zu.ke.com/zufang/NN1960302732573147136.html,20.8公里,44分钟,92分钟,19.0公里,253分钟,92.0,0.9844694773461443,0.13829787234042554,0.030914887450487875,45.5,22.790975,108.478104
整租·地王国际商会中心 4室1厅 东南,14500,青秀区-金湖-地王国际商会中心,4室1厅0卫,288.32,东南,https://nn.zu.ke.com/zufang/NN1960562830876868608.html,5.6公里,25分钟,22分钟,5.6公里,75分钟,22.0,0.8529777188768326,0.8829787234042553,0.10523427688146073,71.5,22.815967,108.369746
合租·广源大都会二期 4居室 东南/南卧,700,良庆区-五象核心区-广源大都会二期,4室2厅2卫,16.0,,https://nn.zu.ke.com/zufang/NN1960648614036373504.html,12.0公里,40分钟,42分钟,10.6公里,141分钟,42.0,0.9958585272923052,0.6702127659574468,0.0,66.6,22.768068,108.391956
整租·万科金域滨江 4室2厅 南/北,3000,邕宁区-龙岗-万科金域滨江,4室2厅2卫,143.0,,https://nn.zu.ke.com/zufang/NN1960727219567329280.html,17.7公里,39分钟,86分钟,17.2公里,230分钟,86.0,0.9720450592230597,0.20212765957446807,0.0490773838276495,47.9,22.779462,108.443473
整租·利海亚洲国际 1室1厅 东南/南,1500,青秀区-东盟商务区-利海亚洲国际,1室1厅1卫,38.0,,https://nn.zu.ke.com/zufang/NN1962099162023460864.html,8.7公里,43分钟,31分钟,8.6公里,114分钟,31.0,0.9875755818769154,0.7872340425531915,0.008501594048884165,71.2,22.808504,108.396643
整租·金之岛城市广场住宅 1室1厅 南,800,兴宁区-朝阳-金之岛城市广场住宅,1室1厅1卫,42.0,南,https://nn.zu.ke.com/zufang/NN1962368867464380416.html,2.4公里,13分钟,17分钟,1.4公里,18分钟,17.0,0.9948231591153814,0.9361702127659575,0.01004733842140856,77.4,22.826291,108.321467
整租·半岛融园小区 4室2厅 南/北,2300,青秀区-柳沙-半岛融园小区,4室2厅2卫,143.0,,https://nn.zu.ke.com/zufang/NN1962172348958244864.html,8.2公里,26分钟,50分钟,7.0公里,94分钟,50.0,0.9792926364615258,0.5851063829787234,0.0490773838276495,63.6,22.777236,108.340054
整租·金旺角 1室0厅 南,700,青秀区-金湖-金旺角,1室0厅1卫,21.0,南,https://nn.zu.ke.com/zufang/NN1962830344021344256.html,5.8公里,27分钟,26分钟,5.7公里,76分钟,26.0,0.9958585272923052,0.8404255319148937,0.0019321804656554922,73.5,22.818222,108.369609
整租·彰泰城B区 1室0厅 南,1400,良庆区-五象核心区-彰泰城B区,1室0厅1卫,39.36,南,https://nn.zu.ke.com/zufang/NN1962720930094383104.html,11.0公里,40分钟,41分钟,10.6公里,141分钟,41.0,0.9886109500538391,0.6808510638297872,0.00902714713554246,67.0,22.766922,108.388994
整租·青秀万达 1室1厅 东南,4000,青秀区-青秀万达-青秀万达,1室1厅1卫,110.0,东南,https://nn.zu.ke.com/zufang/NN1963096640709459968.html,21.3公里,48分钟,69分钟,20.0公里,266分钟,69.0,0.9616913774538226,0.3829787234042553,0.03632499275432326,54.5,22.829845,108.373775
整租·利海亚洲国际B区 1室0厅 南,1200,青秀区-东盟商务区-利海亚洲国际B区,1室0厅1卫,31.0,南,https://nn.zu.ke.com/zufang/NN1962438687010586624.html,8.5公里,43分钟,32分钟,8.4公里,113分钟,32.0,0.9906816864076866,0.776595744680851,0.005796541396966477,70.8,22.80779,108.395833
整租·大唐盛世 6室2厅 南,5100,邕宁区-龙岗-大唐盛世,6室2厅2卫,287.0,南,https://nn.zu.ke.com/zufang/NN1963103361645412352.html,19.8公里,44分钟,83分钟,19.5公里,260分钟,83.0,0.9503023275076617,0.23404255319148937,0.10472418123852768,49.5,22.771791,108.477824
整租·南湖御景 3室1厅 南,1800,青秀区-星湖-南湖御景,3室1厅1卫,90.0,南,https://nn.zu.ke.com/zufang/NN1963104131287613440.html,3.0公里,15分钟,31分钟,2.8公里,38分钟,31.0,0.9844694773461443,0.7872340425531915,0.028596270891701286,71.4,22.80042,108.335058
整租·向南居·金溪园 1室1厅 东北,1300,青秀区-凤岭北-向南居 - 金溪园,1室1厅1卫,36.94,东北,https://nn.zu.ke.com/zufang/NN1964270920629485568.html,8.0公里,33分钟,41分钟,7.2公里,97分钟,41.0,0.9896463182307629,0.6808510638297872,0.0080919717901652,67.0,22.8177,108.366407
整租·盛世龙腾 2室2厅 南,1600,西乡塘区-心圩区-盛世龙腾,2室2厅1卫,102.0,南,https://nn.zu.ke.com/zufang/NN1963976594984796160.html,8.5公里,31分钟,49分钟,7.7公里,103分钟,49.0,0.9865402136999917,0.5957446808510638,0.03323350400927447,64.0,22.839464,108.281216
整租·保利领秀前城秀程府 4室2厅 东南,3500,青秀区-凤岭南-保利领秀前城秀程府,4室2厅2卫,128.0,东南,https://nn.zu.ke.com/zufang/NN1964285511459667968.html,13.0公里,44分钟,54分钟,12.8公里,171分钟,54.0,0.9668682183384412,0.5425531914893617,0.043280842430683024,61.2,22.791877,108.426779
整租·龙域香醍半岛 4室2厅 南/北,1900,邕宁区-龙岗-龙域香醍半岛,4室2厅2卫,128.0,,https://nn.zu.ke.com/zufang/NN1963138269231185920.html,20.1公里,44分钟,82分钟,18.9公里,252分钟,82.0,0.9834341091692206,0.24468085106382978,0.043280842430683024,50.0,22.784777,108.477266
整租·前海人寿金融中心 6室1厅 东北,23077,良庆区-五象核心区-前海人寿金融中心,6室1厅0卫,607.29,东北,https://nn.zu.ke.com/zufang/NN1963166942185390080.html,10.5公里,38分钟,37分钟,10.4公里,139分钟,37.0,0.7641741903420857,0.723404255319149,0.2284957975074872,64.1,22.765308,108.386524
整租·中房·翡翠湾 2室2厅 南,2500,青秀区-东盟商务区-中房 - 翡翠湾,2室2厅1卫,89.93,南,https://nn.zu.ke.com/zufang/NN1963909531297644544.html,9.6公里,37分钟,47分钟,9.2公里,123分钟,47.0,0.9772219001076783,0.6170212765957447,0.02856922036518211,64.3,22.8177,108.366407
整租·恒大苹果园·金色阳光 4室1厅 东南,3500,青秀区-琅东-恒大苹果园 - 金色阳光,4室1厅2卫,185.0,东南,https://nn.zu.ke.com/zufang/NN1963830996230995968.html,8.2公里,33分钟,48分钟,7.5公里,100分钟,48.0,0.9668682183384412,0.6063829787234043,0.06530769973915564,64.2,22.798536,108.422764
整租·中房·翡翠湾 1室2厅 南,2500,青秀区-东盟商务区-中房 - 翡翠湾,1室2厅0卫,86.86,南,https://nn.zu.ke.com/zufang/NN1963910613952364544.html,9.6公里,37分钟,47分钟,9.2公里,123分钟,47.0,0.9772219001076783,0.6170212765957447,0.027382861559269635,64.3,22.798751,108.396938
整租·梦之岛花园 3室2厅 南/北,2500,青秀区-琅东-梦之岛花园,3室2厅2卫,120.0,,https://nn.zu.ke.com/zufang/NN1964326185970171904.html,12.1公里,36分钟,45分钟,11.2公里,150分钟,45.0,0.9772219001076783,0.6382978723404256,0.04018935368563424,65.4,22.80054,108.422949
整租·檀府印象檀熙 4室2厅 南/北,2500,良庆区-五象湖-檀府印象檀熙,4室2厅2卫,118.0,,https://nn.zu.ke.com/zufang/NN1964932974906441728.html,15.4公里,42分钟,64分钟,14.7公里,196分钟,64.0,0.9772219001076783,0.43617021276595747,0.03941648149937204,57.3,22.741251,108.406095
整租·世洋大厦 2室2厅 北,6800,青秀区-东盟商务区-世洋大厦,2室2厅0卫,315.42,北,https://nn.zu.ke.com/zufang/NN1965380039549648896.html,9.7公里,33分钟,30分钟,9.0公里,120分钟,30.0,0.9327010684999586,0.7978723404255319,0.1157066950053135,71.5,22.812275,108.405334
整租·摩卡生活馆 1室1厅 东,1500,青秀区-星湖-摩卡生活馆,1室1厅1卫,40.0,东,https://nn.zu.ke.com/zufang/NN1965270473923100672.html,2.2公里,9分钟,16分钟,1.6公里,22分钟,16.0,0.9875755818769154,0.9468085106382979,0.009274466235146363,77.6,22.807935,108.328379
整租·凯丰大厦 1室0厅 北,1000,青秀区-东葛路-凯丰大厦,1室0厅1卫,46.0,北,https://nn.zu.ke.com/zufang/NN1965407206266372096.html,2.6公里,13分钟,24分钟,2.2公里,30分钟,24.0,0.992752422761534,0.8617021276595744,0.011593082793932953,74.4,22.819499,108.341418
整租·利海亚洲国际 1室1厅 东南/南,1500,青秀区-东盟商务区-利海亚洲国际,1室1厅1卫,38.0,,https://nn.zu.ke.com/zufang/NN1962099162023460864.html,8.7公里,43分钟,31分钟,8.6公里,114分钟,31.0,0.9875755818769154,0.7872340425531915,0.008501594048884165,71.2,22.808504,108.396643
整租·金之岛城市广场住宅 1室1厅 南,800,兴宁区-朝阳-金之岛城市广场住宅,1室1厅1卫,42.0,南,https://nn.zu.ke.com/zufang/NN1962368867464380416.html,2.4公里,13分钟,17分钟,1.4公里,18分钟,17.0,0.9948231591153814,0.9361702127659575,0.01004733842140856,77.4,22.826291,108.321467
整租·金旺角 1室0厅 南,700,青秀区-金湖-金旺角,1室0厅1卫,21.0,南,https://nn.zu.ke.com/zufang/NN1962830344021344256.html,5.8公里,27分钟,26分钟,5.7公里,76分钟,26.0,0.9958585272923052,0.8404255319148937,0.0019321804656554922,73.5,22.818222,108.369609
整租·彰泰城B区 1室0厅 南,1400,良庆区-五象核心区-彰泰城B区,1室0厅1卫,39.36,南,https://nn.zu.ke.com/zufang/NN1962720930094383104.html,11.0公里,39分钟,41分钟,10.6公里,141分钟,41.0,0.9886109500538391,0.6808510638297872,0.00902714713554246,67.0,22.766922,108.388994
整租·大唐盛世 6室2厅 南,5100,邕宁区-龙岗-大唐盛世,6室2厅2卫,287.0,南,https://nn.zu.ke.com/zufang/NN1963103361645412352.html,19.8公里,44分钟,83分钟,19.5公里,260分钟,83.0,0.9503023275076617,0.23404255319148937,0.10472418123852768,49.5,22.771791,108.477824
整租·向南居·金溪园 1室1厅 东北,1300,青秀区-凤岭北-向南居 - 金溪园,1室1厅1卫,36.94,东北,https://nn.zu.ke.com/zufang/NN1964270920629485568.html,8.0公里,34分钟,41分钟,7.2公里,97分钟,41.0,0.9896463182307629,0.6808510638297872,0.0080919717901652,67.0,22.827155,108.382259
整租·保利领秀前城秀程府 4室2厅 东南,3500,青秀区-凤岭南-保利领秀前城秀程府,4室2厅2卫,128.0,东南,https://nn.zu.ke.com/zufang/NN1964285511459667968.html,13.0公里,45分钟,54分钟,12.8公里,171分钟,54.0,0.9668682183384412,0.5425531914893617,0.043280842430683024,61.2,22.791877,108.426779
整租·龙域香醍半岛 4室2厅 南/北,1900,邕宁区-龙岗-龙域香醍半岛,4室2厅2卫,128.0,,https://nn.zu.ke.com/zufang/NN1963138269231185920.html,20.1公里,44分钟,82分钟,18.9公里,252分钟,82.0,0.9834341091692206,0.24468085106382978,0.043280842430683024,50.0,22.784777,108.477266
整租·前海人寿金融中心 10室2厅 东南,96884,良庆区-五象核心区-前海人寿金融中心,10室2厅1卫,2603.75,东南,https://nn.zu.ke.com/zufang/NN1963163977470967808.html,10.5公里,38分钟,37分钟,10.4公里,139分钟,37.0,0.0,0.723404255319149,1.0,48.9,22.765308,108.386524
整租·中房·翡翠湾 1室2厅 南,2500,青秀区-东盟商务区-中房 - 翡翠湾,1室2厅0卫,86.86,南,https://nn.zu.ke.com/zufang/NN1963910613952364544.html,9.6公里,38分钟,47分钟,9.2公里,123分钟,47.0,0.9772219001076783,0.6170212765957447,0.027382861559269635,64.3,22.799498,108.396635
整租·檀府印象檀熙 4室2厅 南/北,2500,良庆区-五象湖-檀府印象檀熙,4室2厅2卫,118.0,,https://nn.zu.ke.com/zufang/NN1964932974906441728.html,15.4公里,42分钟,64分钟,14.7公里,196分钟,64.0,0.9772219001076783,0.43617021276595747,0.03941648149937204,57.3,22.741251,108.406095
整租·世洋大厦 2室2厅 北,6800,青秀区-东盟商务区-世洋大厦,2室2厅0卫,315.42,北,https://nn.zu.ke.com/zufang/NN1965380039549648896.html,9.7公里,33分钟,30分钟,9.0公里,120分钟,30.0,0.9327010684999586,0.7978723404255319,0.1157066950053135,71.5,22.811422,108.404963
整租·凯丰大厦 1室0厅 北,1000,青秀区-东葛路-凯丰大厦,1室0厅1卫,46.0,北,https://nn.zu.ke.com/zufang/NN1965407206266372096.html,2.6公里,13分钟,24分钟,2.2公里,30分钟,24.0,0.992752422761534,0.8617021276595744,0.011593082793932953,74.4,22.819499,108.341418
整租·绿城画卷 1室0厅 东南,1800,青秀区-金湖-绿城画卷,1室0厅1卫,45.0,东南,https://nn.zu.ke.com/zufang/NN1965763261781508096.html,5.0公里,23分钟,23分钟,4.9公里,65分钟,23.0,0.9844694773461443,0.8723404255319149,0.011206646700801855,74.5,22.809113,108.361775
整租·悦桂绿地新世界 3室2厅 南,500,江南区-经开区-悦桂绿地新世界,3室2厅2卫,97.05,南,https://nn.zu.ke.com/zufang/NN1965720746743300096.html,34.2公里,57分钟,97分钟,32.2公里,429分钟,97.0,0.9979292636461525,0.0851063829787234,0.03132064534827553,43.9,22.583282,108.234031
整租·金玖世家北区 4室2厅 南/北,2200,良庆区-玉洞-金玖世家北区,4室2厅2卫,117.0,,https://nn.zu.ke.com/zufang/NN1965629910940647424.html,13.1公里,38分钟,28分钟,12.3公里,164分钟,28.0,0.9803280046384494,0.8191489361702128,0.03903004540624094,72.8,22.723358,108.353
整租·阳光100 2室1厅 南,2300,青秀区-东葛路-阳光100,2室1厅1卫,100.0,南,https://nn.zu.ke.com/zufang/NN1966070774942924800.html,5.9公里,23分钟,38分钟,4.0公里,53分钟,38.0,0.9792926364615258,0.7127659574468085,0.032460631823012266,68.3,22.81483,108.340302
整租·金和大厦 2室1厅 东南,6750,青秀区-星湖-金和大厦,2室1厅0卫,135.0,东南,https://nn.zu.ke.com/zufang/NN1966090130951241728.html,4.0公里,20分钟,21分钟,3.8公里,50分钟,21.0,0.9332187525884205,0.8936170212765957,0.04598589508260072,74.0,22.854471,108.357058
整租·旺南花园小区 4室2厅 南,3000,青秀区-青秀万达-旺南花园小区,4室2厅2卫,136.0,南,https://nn.zu.ke.com/zufang/NN1966014094498594816.html,6.2公里,29分钟,25分钟,6.1公里,81分钟,25.0,0.9720450592230597,0.851063829787234,0.046372331175731814,73.9,22.808605,108.371011
整租·金和大厦 1室0厅 南,4908,青秀区-星湖-金和大厦,1室0厅0卫,89.24,南,https://nn.zu.ke.com/zufang/NN1965993102942404608.html,4.0公里,20分钟,21分钟,3.8公里,50分钟,21.0,0.9522902344073553,0.8936170212765957,0.02830257946092165,74.4,22.812788,108.354538
整租·荣和悦澜山 4室1厅 南/北,2600,青秀区-凤岭北-荣和悦澜山,4室1厅2卫,109.0,,https://nn.zu.ke.com/zufang/NN1966516133209047040.html,11.8公里,33分钟,37分钟,7.1公里,95分钟,37.0,0.9761865319307546,0.723404255319149,0.03593855666119215,68.7,22.844618,108.380147
整租·阳光100上东国际 1室0厅 东,1500,青秀区-琅东-阳光100上东国际,1室0厅1卫,55.0,东,https://nn.zu.ke.com/zufang/NN1966469884510470144.html,9.9公里,32分钟,29分钟,9.4公里,126分钟,29.0,0.9875755818769154,0.8085106382978723,0.015071007632112839,72.1,22.811386,108.407496
整租·山水花都秀竹花园 3室3厅 西南,2700,青秀区-金湖-山水花都秀竹花园,3室3厅2卫,153.0,西南,https://nn.zu.ke.com/zufang/NN1967523088463560704.html,6.1公里,23分钟,30分钟,6.0公里,81分钟,30.0,0.9751511637538308,0.7978723404255319,0.052941744758960484,72.0,22.799623,108.364919
整租·银海华廷 3室2厅 南,1500,良庆区-玉洞-银海华廷,3室2厅1卫,100.0,南,https://nn.zu.ke.com/zufang/NN1974699516384772096.html,11.2公里,37分钟,28分钟,10.9公里,146分钟,28.0,0.9875755818769154,0.8191489361702128,0.032460631823012266,72.9,22.730294,108.332114
整租·东方花园 3室2厅 东南,2400,青秀区-金湖-东方花园,3室2厅1卫,110.0,东南,https://nn.zu.ke.com/zufang/NN1974709581284114432.html,5.3公里,23分钟,23分钟,5.4公里,71分钟,23.0,0.978257268284602,0.8723404255319149,0.03632499275432326,74.8,22.815254,108.366488
整租·龙光世纪中心 1室1厅 南,6800,青秀区-东盟商务区-龙光世纪中心,1室1厅0卫,73.0,南,https://nn.zu.ke.com/zufang/NN1974692796212183040.html,8.7公里,40分钟,27分钟,8.7公里,116分钟,27.0,0.9327010684999586,0.8297872340425532,0.022026857308472612,70.9,22.806844,108.398213
整租·枫林蓝岸 5室2厅 复式 南,16000,青秀区-凤岭北-枫林蓝岸,5室2厅2卫,236.0,南,https://nn.zu.ke.com/zufang/NN1974789386868359168.html,9.9公里,33分钟,36分钟,10.2公里,136分钟,36.0,0.8374471962229769,0.7340425531914894,0.08501594048884166,64.6,22.816679,108.41373
整租·福满瑞园 4室2厅 复式 南,3500,江南区-经开区-福满瑞园,4室2厅2卫,249.91,南,https://nn.zu.ke.com/zufang/NN1974783046397722624.html,8.7公里,26分钟,48分钟,7.9公里,105分钟,48.0,0.9668682183384412,0.6063829787234043,0.09039126654429523,64.7,22.767485,108.286725
整租·台湾街宜兰湾 1室1厅 东南,1500,西乡塘区-西大-台湾街宜兰湾,1室1厅1卫,70.0,东南,https://nn.zu.ke.com/zufang/NN1975030964606205952.html,4.1公里,16分钟,35分钟,3.8公里,51分钟,35.0,0.9875755818769154,0.7446808510638298,0.020867549029079314,69.7,22.807671,108.293509
整租·启迪亮 4室2厅 南/北,2000,邕宁区-龙岗-启迪亮,4室2厅2卫,136.0,,https://nn.zu.ke.com/zufang/NN1975452912683319296.html,18.3公里,46分钟,65分钟,18.1公里,241分钟,65.0,0.9823987409922968,0.425531914893617,0.046372331175731814,57.2,22.7604,108.457434
整租·金玖世家北区 4室2厅 北,2300,良庆区-玉洞-金玖世家北区,4室2厅2卫,115.0,北,https://nn.zu.ke.com/zufang/NN1975502725646909440.html,13.1公里,38分钟,28分钟,12.3公里,164分钟,28.0,0.9792926364615258,0.8191489361702128,0.03825717321997875,72.7,22.722345,108.336007
整租·绿城春江明月 4室2厅 东南,3800,良庆区-五象核心区-绿城春江明月,4室2厅2卫,145.0,东南,https://nn.zu.ke.com/zufang/NN1976216526964916224.html,13.2公里,42分钟,52分钟,12.2公里,163分钟,52.0,0.96376211380767,0.5638297872340425,0.0498502560139117,62.1,22.772969,108.372432
整租·圣展独立公社 1室1厅 西/西北,17100,青秀区-金湖-圣展独立公社,1室1厅1卫,285.0,,https://nn.zu.ke.com/zufang/NN1976201126457901056.html,5.7公里,26分钟,24分钟,5.7公里,76分钟,24.0,0.8260581462768161,0.8617021276595744,0.10395130905226548,69.6,22.809439,108.369265
整租·荣和山水绿城B1组团 2室2厅 南,1400,兴宁区-北湖南-荣和山水绿城B1组团,2室2厅1卫,65.0,南,https://nn.zu.ke.com/zufang/NN1976193814636789760.html,5.8公里,25分钟,36分钟,5.2公里,70分钟,36.0,0.9886109500538391,0.7340425531914894,0.018935368563423823,69.3,22.854285,108.334471
整租·幸福里 4室2厅 南,28000,青秀区-东盟商务区-幸福里,4室2厅4卫,328.0,南,https://nn.zu.ke.com/zufang/NN1975906478216708096.html,8.3公里,37分钟,29分钟,8.2公里,110分钟,29.0,0.7132030149921312,0.8085106382978723,0.12056806105690271,63.3,22.811471,108.393714
整租·中鼎万象东方 1室1厅 北,2000,青秀区-凤岭北-中鼎万象东方,1室1厅1卫,46.0,北,https://nn.zu.ke.com/zufang/NN1976552271915253760.html,7.8公里,32分钟,22分钟,8.0公里,107分钟,22.0,0.9823987409922968,0.8829787234042553,0.011593082793932953,74.8,22.814095,108.393377
整租·万科公园里 4室2厅 东/南,2300,良庆区-五象文旅-万科公园里,4室2厅2卫,125.0,,https://nn.zu.ke.com/zufang/NN1976619271140147200.html,16.3公里,45分钟,64分钟,14.7公里,196分钟,64.0,0.9792926364615258,0.43617021276595747,0.04212153415128973,57.5,22.741431,108.409759
整租·广源大都会 3室2厅 南/北,3000,良庆区-五象核心区-广源大都会,3室2厅2卫,108.0,,https://nn.zu.ke.com/zufang/NN1976947970121138176.html,11.2公里,39分钟,47分钟,10.7公里,142分钟,47.0,0.9720450592230597,0.6170212765957447,0.035552120568061056,64.3,22.768174,108.390257
整租·盛湖悦景 4室2厅 南/北,2000,邕宁区-龙岗-盛湖悦景,4室2厅2卫,128.0,,https://nn.zu.ke.com/zufang/NN1976904327951810560.html,19.3公里,43分钟,74分钟,19.3公里,258分钟,74.0,0.9823987409922968,0.32978723404255317,0.043280842430683024,53.4,22.769582,108.472062
整租·万科金域中央一期 5室2厅 南,4000,良庆区-玉洞-万科金域中央一期,5室2厅2卫,144.0,南,https://nn.zu.ke.com/zufang/NN1976950306398797824.html,11.2公里,38分钟,45分钟,10.7公里,143分钟,45.0,0.9616913774538226,0.6382978723404256,0.049463819920780604,65.0,22.752672,108.380033
整租·彰泰城B区 1室1厅 南,1500,良庆区-五象核心区-彰泰城B区,1室1厅1卫,39.0,南,https://nn.zu.ke.com/zufang/NN1976953626697924608.html,11.0公里,40分钟,41分钟,10.6公里,141分钟,41.0,0.9875755818769154,0.6808510638297872,0.008888030142015264,66.9,22.766922,108.388994
整租·南湖聚宝苑 5室2厅 东南,13600,青秀区-金湖-南湖聚宝苑,5室2厅2卫,270.0,东南,https://nn.zu.ke.com/zufang/NN1977361081516949504.html,5.1公里,23分钟,19分钟,5.2公里,69分钟,19.0,0.862296032469146,0.9148936170212766,0.098154767655299,73.1,22.815323,108.363778
整租·东葛路18-1汇宇花园 5室2厅 东南,3200,青秀区-东葛路-东葛路18-1汇宇花园,5室2厅2卫,120.0,东南,https://nn.zu.ke.com/zufang/NN1977298878340268032.html,2.5公里,10分钟,20分钟,1.6公里,21分钟,20.0,0.9699743228692123,0.9042553191489362,0.04018935368563424,75.8,22.815167,108.334668
整租·伟业小区 3室2厅 南,2000,青秀区-东葛路-伟业小区,3室2厅2卫,120.0,南,https://nn.zu.ke.com/zufang/NN1977214688982728704.html,5.6公里,22分钟,39分钟,4.2公里,56分钟,39.0,0.9823987409922968,0.7021276595744681,0.04018935368563424,68.2,22.824438,108.35736
整租·凤岭·新新家园A区 4室2厅 南,2700,青秀区-凤岭北-凤岭 - 新新家园A区,4室2厅2卫,119.0,南,https://nn.zu.ke.com/zufang/NN1977686148851433472.html,9.8公里,32分钟,34分钟,9.6公里,128分钟,34.0,0.9751511637538308,0.7553191489361702,0.03980291759250314,70.0,22.815215,108.407836
整租·中房翡翠园一期 3室2厅 北,2300,青秀区-琅东-中房翡翠园一期,3室2厅2卫,145.0,北,https://nn.zu.ke.com/zufang/NN2038190786884927488.html,10.5公里,34分钟,35分钟,10.4公里,138分钟,35.0,0.9792926364615258,0.7446808510638298,0.0498502560139117,70.0,22.807266,108.413491
整租·龙光玖誉城悦城 1室1厅 北,2000,江南区-经开区-龙光玖誉城悦城,1室1厅1卫,28.0,北,https://nn.zu.ke.com/zufang/NN1964363903219531776.html,6.2公里,23分钟,26分钟,6.2公里,82分钟,26.0,0.9823987409922968,0.8404255319148937,0.004637233117573181,73.0,22.769705,108.308014
整租·耀凯凤岭1号 1室1厅 东南,15000,青秀区-东盟商务区-耀凯凤岭1号,1室1厅1卫,67.0,东南,https://nn.zu.ke.com/zufang/NN2038148638416306176.html,11.0公里,40分钟,36分钟,8.8公里,118分钟,36.0,0.847800877992214,0.7340425531914894,0.01970824074968602,63.7,22.806122,108.397302
整租·宏桂东昇 2室2厅 东南,1500,青秀区-仙葫-宏桂东昇,2室2厅1卫,85.0,东南,https://nn.zu.ke.com/zufang/NN1965008414266359808.html,13.1公里,42分钟,65分钟,13.7公里,182分钟,65.0,0.9875755818769154,0.425531914893617,0.026664090426045794,57.1,22.813088,108.443145
整租·平安家园 3室2厅 南/北,2300,青秀区-凤岭北-平安家园,3室2厅2卫,110.0,,https://nn.zu.ke.com/zufang/NN1976179500441927680.html,7.5公里,30分钟,31分钟,7.6公里,102分钟,31.0,0.9792926364615258,0.7872340425531915,0.03632499275432326,71.4,22.815993,108.387449
整租·盛邦珑湖 1室0厅 南,2800,良庆区-玉洞-盛邦珑湖,1室0厅0卫,75.0,南,https://nn.zu.ke.com/zufang/NN2039656244855177216.html,12.7公里,37分钟,63分钟,12.0公里,160分钟,63.0,0.9741157955769072,0.44680851063829785,0.02279972949473481,57.3,22.736849,108.358183
整租·宏桂东昇 2室2厅 南,1500,青秀区-仙葫-宏桂东昇,2室2厅1卫,89.0,南,https://nn.zu.ke.com/zufang/NN1976942195365642240.html,13.1公里,42分钟,65分钟,13.7公里,182分钟,65.0,0.9875755818769154,0.425531914893617,0.028209834798570185,57.1,22.813188,108.444282
整租·金河中心 4室2厅 南,2350,兴宁区-东沟岭-金河中心,4室2厅3卫,100.0,南,https://nn.zu.ke.com/zufang/NN2040070824798453760.html,14.3公里,34分钟,48分钟,8.6公里,115分钟,48.0,0.9787749523730639,0.6063829787234043,0.032460631823012266,64.1,22.869086,108.366915
整租·大唐盛世 3室2厅 北,1200,邕宁区-龙岗-大唐盛世,3室2厅1卫,93.0,北,https://nn.zu.ke.com/zufang/NN1977204388002791424.html,19.8公里,44分钟,83分钟,19.5公里,260分钟,83.0,0.9906816864076866,0.23404255319148937,0.02975557917109458,49.6,22.771791,108.477824
整租·幸福里 5室3厅 南,25000,青秀区-东盟商务区-幸福里,5室3厅2卫,387.0,南,https://nn.zu.ke.com/zufang/NN2039729893347950592.html,8.3公里,37分钟,29分钟,8.2公里,110分钟,29.0,0.7442640602998426,0.8085106382978723,0.14336779055163754,65.0,22.809719,108.396373
整租·凤岭山语城 1室1厅 西北,12000,青秀区-凤岭北-凤岭山语城,地下室,180.0,西北,https://nn.zu.ke.com/zufang/NN2041013927566901248.html,11.5公里,37分钟,45分钟,11.1公里,148分钟,45.0,0.8788619232999254,0.6382978723404256,0.06337551927350014,62.0,22.820912,108.415462
整租·五象世茂中心 1室1厅 南,1100,良庆区-五象核心区-五象世茂中心,1室1厅1卫,40.0,南,https://nn.zu.ke.com/zufang/NN1977665221585534976.html,13.2公里,42分钟,52分钟,12.2公里,163分钟,52.0,0.9917170545846102,0.5638297872340425,0.009274466235146363,62.4,22.753613,108.393889
整租·阳光100上东国际 3室2厅 西,2000,青秀区-琅东-阳光100上东国际,3室2厅1卫,87.66,西,https://nn.zu.ke.com/zufang/NN2041030343506526208.html,9.9公里,32分钟,29分钟,9.4公里,126分钟,29.0,0.9823987409922968,0.8085106382978723,0.027692010433774512,72.2,22.811386,108.407496
整租·利海亚洲国际B区 4室2厅 东,7200,青秀区-东盟商务区-利海亚洲国际B区,4室2厅0卫,60.0,东,https://nn.zu.ke.com/zufang/NN1977976535532961792.html,8.5公里,43分钟,32分钟,8.4公里,113分钟,32.0,0.9285595957922638,0.776595744680851,0.01700318809776833,68.5,22.80779,108.395833
整租·瀚林学府二期 2室2厅 南,8000,西乡塘区-西大-瀚林学府二期,2室2厅1卫,110.0,南,https://nn.zu.ke.com/zufang/NN2041039608040390656.html,5.3公里,22分钟,19分钟,4.9公里,65分钟,19.0,0.920276650376874,0.9148936170212766,0.03632499275432326,74.1,22.831782,108.286784
整租·汇春名庭东区 4室2厅 东南,4000,青秀区-金湖-汇春名庭东区,4室2厅2卫,215.0,东南,https://nn.zu.ke.com/zufang/NN1977214702031208448.html,5.6公里,26分钟,26分钟,5.7公里,75分钟,26.0,0.9616913774538226,0.8404255319148937,0.07690078253308859,73.6,22.80933,108.36838
整租·古城馨园 2室1厅 南,2500,青秀区-星湖-古城馨园,2室1厅1卫,80.0,南,https://nn.zu.ke.com/zufang/NN1977672786461589504.html,2.4公里,10分钟,19分钟,2.6公里,34分钟,19.0,0.9772219001076783,0.9148936170212766,0.024731909960390302,76.2,22.809004,108.338359
整租·万科魅力之城 4室1厅 南,2200,良庆区-五象湖-万科魅力之城,4室1厅2卫,92.0,南,https://nn.zu.ke.com/zufang/NN1978032117807841280.html,15.6公里,44分钟,57分钟,15.4公里,206分钟,57.0,0.9803280046384494,0.5106382978723404,0.029369143077963483,60.2,22.719664,108.393392
整租·中房翡翠园一期 2室2厅 南/北,2000,青秀区-琅东-中房翡翠园一期,2室2厅1卫,88.0,,https://nn.zu.ke.com/zufang/NN2001968186370555904.html,10.5公里,34分钟,35分钟,10.4公里,138分钟,35.0,0.9823987409922968,0.7446808510638298,0.02782339870543909,69.6,22.804576,108.413299
整租·湖江公寓 5室2厅 南/北,3500,青秀区-星湖-湖江公寓,5室2厅2卫,192.0,,https://nn.zu.ke.com/zufang/NN2001948399187787776.html,5.5公里,20分钟,38分钟,3.3公里,44分钟,38.0,0.9668682183384412,0.7127659574468085,0.06801275239107332,68.5,22.796595,108.333062
整租·印象·愉景湾 4室2厅 东南,1500,良庆区-五象湖-印象 - 愉景湾,4室2厅2卫,109.19,东南,https://nn.zu.ke.com/zufang/NN2001951772133818368.html,20.9公里,47分钟,79分钟,19.6公里,261分钟,79.0,0.9875755818769154,0.2765957446808511,0.036011979518887065,51.3,22.682391,108.398902
整租·龙光国际 3室1厅 西北,9800,良庆区-五象核心区-龙光国际,3室1厅0卫,180.0,西北,https://nn.zu.ke.com/zufang/NN2002342117568937984.html,13.2公里,42分钟,52分钟,12.2公里,163分钟,52.0,0.9016400231922471,0.5638297872340425,0.06337551927350014,59.9,22.753613,108.393889
整租·龙光国际 3室1厅 西北,9800,良庆区-五象核心区-龙光国际,3室1厅0卫,180.0,西北,https://nn.zu.ke.com/zufang/NN2002332995486220288.html,13.2公里,42分钟,52分钟,12.2公里,163分钟,52.0,0.9016400231922471,0.5638297872340425,0.06337551927350014,59.9,22.753613,108.393889
整租·外滩新城 3室1厅 南,2500,青秀区-星湖-外滩新城,3室1厅1卫,123.0,南,https://nn.zu.ke.com/zufang/NN2002334199188553728.html,1.4公里,7分钟,18分钟,1.4公里,18分钟,18.0,0.9772219001076783,0.925531914893617,0.04134866196502753,76.9,22.808061,108.323959
整租·东葛华都 1室1厅 南,1200,青秀区-东葛路-东葛华都,1室1厅1卫,50.0,南,https://nn.zu.ke.com/zufang/NN2002314874868203520.html,2.0公里,10分钟,23分钟,1.9公里,26分钟,23.0,0.9906816864076866,0.8723404255319149,0.013138827166457347,74.8,22.818749,108.338859
整租·白鹭北城白鹭郡 4室2厅 南/北,1800,兴宁区-兴宁东-白鹭北城白鹭郡,4室2厅2卫,115.0,,https://nn.zu.ke.com/zufang/NN2002219686107807744.html,11.5公里,30分钟,38分钟,7.4公里,99分钟,38.0,0.9844694773461443,0.7127659574468085,0.03825717321997875,68.7,22.913599,108.440538
整租·凯丰大厦 1室1厅 南,2000,青秀区-东葛路-凯丰大厦,1室1厅1卫,100.0,南,https://nn.zu.ke.com/zufang/NN2001527088166731776.html,2.6公里,13分钟,24分钟,2.2公里,30分钟,24.0,0.9823987409922968,0.8617021276595744,0.032460631823012266,74.4,22.819499,108.341418
整租·檀府印象檀熙 4室2厅 南/北,1500,良庆区-五象湖-檀府印象檀熙,4室2厅2卫,128.0,,https://nn.zu.ke.com/zufang/NN2001588911096201216.html,15.4公里,42分钟,64分钟,14.7公里,196分钟,64.0,0.9875755818769154,0.43617021276595747,0.043280842430683024,57.8,22.741251,108.406095
整租·威宁青运村 5室2厅 北,4000,良庆区-五象核心区-威宁青运村,5室2厅2卫,143.0,北,https://nn.zu.ke.com/zufang/NN2001602218049929216.html,12.3公里,39分钟,51分钟,12.0公里,161分钟,51.0,0.9616913774538226,0.574468085106383,0.0490773838276495,62.4,22.751056,108.392038
整租·龙光世纪中心 1室1厅 南,4300,青秀区-东盟商务区-龙光世纪中心,1室1厅0卫,65.0,南,https://nn.zu.ke.com/zufang/NN2001607795647971328.html,8.7公里,40分钟,27分钟,8.7公里,116分钟,27.0,0.9585852729230514,0.8297872340425532,0.018935368563423823,71.9,22.806844,108.398213
整租·嘉和城温莎北郡 3室2厅 南,1000,兴宁区-兴宁东-嘉和城温莎北郡,3室2厅2卫,83.0,南,https://nn.zu.ke.com/zufang/NN2001884841993306112.html,24.9公里,56分钟,102分钟,19.9公里,266分钟,102.0,0.992752422761534,0.031914893617021274,0.025891218239783596,41.5,22.912212,108.459933
整租·中海哈罗学府 3室2厅 南,2300,邕宁区-龙岗-中海哈罗学府,3室2厅2卫,97.0,南,https://nn.zu.ke.com/zufang/NN2001649806988017664.html,19.9公里,44分钟,78分钟,19.4公里,258分钟,78.0,0.9792926364615258,0.2872340425531915,0.031301323543618975,51.3,22.765067,108.470536
整租·锦绣花园 1室1厅 南,1500,青秀区-星湖-锦绣花园,1室1厅1卫,39.0,南,https://nn.zu.ke.com/zufang/NN2001610526924210176.html,2.0公里,9分钟,17分钟,1.6公里,21分钟,17.0,0.9875755818769154,0.9361702127659575,0.008888030142015264,77.1,22.810844,108.330947
整租·龙光天瀛 3室2厅 南/北,3500,良庆区-五象湖-龙光天瀛,3室2厅2卫,97.0,,https://nn.zu.ke.com/zufang/NN2001656171835949056.html,14.5公里,40分钟,49分钟,13.6公里,182分钟,49.0,0.9668682183384412,0.5957446808510638,0.031301323543618975,63.1,22.731427,108.380943
整租·万达广场 1室1厅 南,3500,江南区-白沙星光-万达广场,1室1厅2卫,62.0,南,https://nn.zu.ke.com/zufang/NN2001937935934423040.html,4.2公里,19分钟,13分钟,4.2公里,56分钟,13.0,0.9668682183384412,0.9787234042553191,0.017776060284030528,78.2,22.774336,108.280388
整租·阳光城时代中心 1室1厅 东,2600,良庆区-五象核心区-阳光城时代中心,1室1厅1卫,36.5,东,https://nn.zu.ke.com/zufang/NN2003745155378577408.html,12.2公里,39分钟,50分钟,12.1公里,162分钟,50.0,0.9761865319307546,0.5851063829787234,0.007921939909187518,62.6,22.811386,108.407496
整租·云星钱隆首府B组团 1室1厅 南,1800,良庆区-五象核心区-云星钱隆首府B组团,1室1厅1卫,49.0,南,https://nn.zu.ke.com/zufang/NN1983462402405957632.html,9.7公里,32分钟,39分钟,9.6公里,128分钟,39.0,0.9844694773461443,0.7021276595744681,0.012752391073326248,67.7,22.768872,108.37973
整租·广源国际社区 4室2厅 东南,4500,青秀区-东盟商务区-广源国际社区,4室2厅2卫,172.0,东南,https://nn.zu.ke.com/zufang/NN1983416759897554944.html,8.2公里,31分钟,40分钟,6.8公里,90分钟,40.0,0.956514536569204,0.6914893617021277,0.060284030528451354,67.1,22.800497,108.37167
整租·翠竹小区 4室2厅 南/北,2500,青秀区-凤岭北-翠竹小区,4室2厅2卫,150.0,,https://nn.zu.ke.com/zufang/NN1983872073709125632.html,10.8公里,35分钟,42分钟,10.9公里,145分钟,42.0,0.9772219001076783,0.6702127659574468,0.05178243647956719,66.9,22.818508,108.416698
整租·荣和大地二组团 4室2厅 东南,3800,青秀区-凤岭北-荣和大地二组团,4室2厅2卫,116.0,东南,https://nn.zu.ke.com/zufang/NN1983844145822695424.html,10.8公里,33分钟,48分钟,9.5公里,127分钟,48.0,0.96376211380767,0.6063829787234043,0.038643609313109846,63.6,22.828629,108.403309
整租·江景华廷 3室1厅 东南,1500,青秀区-仙葫-江景华廷,3室1厅1卫,99.23,东南,https://nn.zu.ke.com/zufang/NN1983820218459226112.html,20.6公里,48分钟,66分钟,19.3公里,257分钟,66.0,0.9875755818769154,0.4148936170212766,0.03216307603130133,56.7,22.790175,108.490542
整租·青年国际 2室1厅 复式 东南,1000,青秀区-东葛路-青年国际,2室1厅1卫,32.0,东南,https://nn.zu.ke.com/zufang/NN1983844217037783040.html,4.1公里,19分钟,35分钟,4.1公里,54分钟,35.0,0.992752422761534,0.7446808510638298,0.0061829774900975755,69.6,22.824098,108.358407
整租·盛科城 3室1厅 南/北,2900,良庆区-五象核心区-盛科城,3室1厅2卫,98.0,,https://nn.zu.ke.com/zufang/NN1983913524874706944.html,10.7公里,34分钟,46分钟,10.4公里,139分钟,46.0,0.9730804273999835,0.6276595744680851,0.03168775963675007,64.7,22.770649,108.383591
整租·万科金域蓝湾 4室2厅 西南,1900,良庆区-五象湖-万科金域蓝湾,4室2厅2卫,108.0,西南,https://nn.zu.ke.com/zufang/NN1983911418797228032.html,13.3公里,38分钟,51分钟,12.8公里,170分钟,51.0,0.9834341091692206,0.574468085106383,0.035552120568061056,63.0,22.73252,108.376239
整租·盛湖悦景 4室2厅 东南/西南,1300,邕宁区-龙岗-盛湖悦景,4室2厅2卫,111.0,,https://nn.zu.ke.com/zufang/NN1983880300505071616.html,19.3公里,43分钟,77分钟,19.3公里,258分钟,77.0,0.9896463182307629,0.2978723404255319,0.036711428847454354,52.2,22.769582,108.472062
整租·五象澜庭府沁苑 4室2厅 南,2500,良庆区-五象湖-五象澜庭府沁苑,4室2厅2卫,112.0,南,https://nn.zu.ke.com/zufang/NN1986003892957085696.html,15.8公里,42分钟,61分钟,14.3公里,191分钟,61.0,0.9772219001076783,0.46808510638297873,0.03709786494058545,58.6,22.736642,108.403194
整租·安吉万达华府 4室1厅 南/北,2500,西乡塘区-安吉-安吉万达华府,4室1厅1卫,100.0,,https://nn.zu.ke.com/zufang/NN1986092293920129024.html,8.5公里,27分钟,27分钟,6.8公里,91分钟,27.0,0.9772219001076783,0.8297872340425532,0.032460631823012266,72.9,22.868409,108.292659
整租·大唐臻观 4室2厅 东南/南,10000,青秀区-琅东-大唐臻观,4室2厅2卫,170.0,,https://nn.zu.ke.com/zufang/NN1986018393098027008.html,11.3公里,36分钟,51分钟,10.8公里,144分钟,51.0,0.8995692868383998,0.574468085106383,0.05951115834218916,60.2,22.800859,108.416609
整租·恒大名都 3室2厅 南/北,1900,良庆区-大沙田-恒大名都,3室2厅2卫,122.0,,https://nn.zu.ke.com/zufang/NN1985971402494181376.html,7.0公里,25分钟,28分钟,7.1公里,95分钟,28.0,0.9834341091692206,0.8191489361702128,0.040962225871896435,72.9,22.761679,108.32111
整租·东盟华府 4室2厅 东南,2100,江南区-沙井-东盟华府,4室2厅2卫,110.0,东南,https://nn.zu.ke.com/zufang/NN1985920110400897024.html,11.9公里,28分钟,59分钟,10.1公里,135分钟,59.0,0.9813633728153731,0.48936170212765956,0.03632499275432326,59.6,22.805157,108.241446
整租·永凯春晖花园西C区 4室2厅 南,3200,青秀区-凤岭北-永凯春晖花园西C区,4室2厅2卫,143.0,南,https://nn.zu.ke.com/zufang/NN1985920073147088896.html,8.1公里,34分钟,30分钟,8.0公里,107分钟,30.0,0.9699743228692123,0.7978723404255319,0.0490773838276495,71.7,22.817687,108.389773
整租·龙域香醍半岛 3室2厅 南/北,1500,邕宁区-龙岗-龙域香醍半岛,3室2厅2卫,100.0,,https://nn.zu.ke.com/zufang/NN1985964642312126464.html,20.1公里,44分钟,82分钟,18.9公里,252分钟,82.0,0.9875755818769154,0.24468085106382978,0.032460631823012266,49.9,22.784777,108.477266
整租·金湖帝景 2室1厅 南,2300,青秀区-金湖-金湖帝景,2室1厅1卫,65.0,南,https://nn.zu.ke.com/zufang/NN1986311149401931776.html,6.0公里,30分钟,23分钟,6.0公里,80分钟,23.0,0.9792926364615258,0.8723404255319149,0.018935368563423823,74.4,22.81602,108.372637
整租·逸景園 3室2厅 东南/南,3600,青秀区-金湖-逸景園,3室2厅2卫,120.0,,https://nn.zu.ke.com/zufang/NN1986307134681251840.html,5.3公里,23分钟,25分钟,5.5公里,73分钟,25.0,0.9658328501615174,0.851063829787234,0.04018935368563424,73.5,22.815108,108.364996
整租·西江大厦 3室2厅 南,4100,青秀区-金湖-西江大厦,3室2厅2卫,168.0,南,https://nn.zu.ke.com/zufang/NN1636293136638541824.html,5.9公里,26分钟,18分钟,5.6公里,75分钟,18.0,0.9606560092768989,0.925531914893617,0.058738286155926966,76.6,22.812132,108.371593
整租·中房翡翠园一期 3室2厅 东南,2800,青秀区-琅东-中房翡翠园一期,3室2厅2卫,142.19,东南,https://nn.zu.ke.com/zufang/NN1639251229496311808.html,10.5公里,33分钟,35分钟,10.4公里,138分钟,35.0,0.9741157955769072,0.7446808510638298,0.048764370592213314,69.7,22.807266,108.413491
整租·广西民族宫 1室0厅 东/东南,3000,青秀区-东葛路-广西民族宫,1室0厅0卫,80.0,,https://nn.zu.ke.com/zufang/NN1635248473349554176.html,1.7公里,6分钟,11分钟,1.6公里,22分钟,11.0,0.9720450592230597,1.0,0.024731909960390302,79.4,22.815167,108.334668
整租·龙光玖珑臺 4室2厅 东南,1800,邕宁区-龙岗-龙光玖珑臺,4室2厅2卫,120.0,东南,https://nn.zu.ke.com/zufang/NN1607710530078769152.html,16.6公里,38分钟,76分钟,16.9公里,225分钟,76.0,0.9844694773461443,0.30851063829787234,0.04018935368563424,52.5,22.777098,108.445773
整租·五洲国际 3室2厅 复式 东南,3600,青秀区-东盟商务区-五洲国际,3室2厅2卫,93.0,东南,https://nn.zu.ke.com/zufang/NN1595344638875533312.html,8.7公里,41分钟,33分钟,8.8公里,118分钟,33.0,0.9658328501615174,0.7659574468085106,0.02975557917109458,69.9,22.806844,108.398213
整租·自治区人事厅宿舍 3室2厅 南,2000,青秀区-东葛路-自治区人事厅宿舍,3室2厅1卫,90.0,南,https://nn.zu.ke.com/zufang/NN1585553774879965184.html,3.1公里,13分钟,25分钟,2.7公里,37分钟,25.0,0.9823987409922968,0.851063829787234,0.028596270891701286,73.9,22.816224,108.343356
整租·华兴大厦 4室2厅 东南,3000,青秀区-东葛路-华兴大厦,4室2厅2卫,180.0,东南,https://nn.zu.ke.com/zufang/NN1619298603816189952.html,3.4公里,14分钟,16分钟,2.9公里,38分钟,16.0,0.9720450592230597,0.9468085106382979,0.06337551927350014,78.0,22.816193,108.34713
整租·盛湖悦景 4室2厅 南/北,1500,邕宁区-龙岗-盛湖悦景,4室2厅2卫,111.0,,https://nn.zu.ke.com/zufang/NN1625358558818205696.html,19.3公里,43分钟,77分钟,19.3公里,258分钟,77.0,0.9875755818769154,0.2978723404255319,0.036711428847454354,52.2,22.769582,108.472062
整租·檀府印象檀熙 3室2厅 南,1500,良庆区-五象湖-檀府印象檀熙,3室2厅2卫,98.0,南,https://nn.zu.ke.com/zufang/NN1635230171214643200.html,15.4公里,42分钟,64分钟,14.7公里,196分钟,64.0,0.9875755818769154,0.43617021276595747,0.03168775963675007,57.6,22.741251,108.406095
整租·东方曼哈顿 1室1厅 西,4500,青秀区-金湖-东方曼哈顿,1室1厅0卫,90.0,西,https://nn.zu.ke.com/zufang/NN1637416753698963456.html,5.6公里,24分钟,20分钟,5.8公里,77分钟,20.0,0.956514536569204,0.9042553191489362,0.028596270891701286,75.0,22.814879,108.371523
整租·绿地中央广场 1室0厅 东南,2000,青秀区-青秀万达-绿地中央广场,1室0厅1卫,38.8,东南,https://nn.zu.ke.com/zufang/NN1638504187195031552.html,7.7公里,29分钟,53分钟,6.2公里,82分钟,53.0,0.9823987409922968,0.5531914893617021,0.008810742923389044,61.6,22.831618,108.375646
整租·绿地中央广场 1室0厅 东南,2300,青秀区-青秀万达-绿地中央广场,1室0厅1卫,38.86,东南,https://nn.zu.ke.com/zufang/NN1638504657783357440.html,7.7公里,29分钟,53分钟,6.2公里,82分钟,53.0,0.9792926364615258,0.5531914893617021,0.00883392908897691,61.5,22.831618,108.375646
整租·塞纳维拉花园 4室2厅 南/北,3000,青秀区-凤岭北-塞纳维拉花园,4室2厅2卫,175.0,,https://nn.zu.ke.com/zufang/NN2861427298706931712.html,9.9公里,33分钟,35分钟,9.9公里,132分钟,35.0,0.9720450592230597,0.7446808510638298,0.06144333880784465,69.9,22.817987,108.409228
整租·丰业·柠檬宿 1室0厅 北,950,西乡塘区-北湖南-丰业 - 柠檬宿,1室0厅1卫,46.41,北,https://nn.zu.ke.com/zufang/NN2864349007990226944.html,4.4公里,18分钟,16分钟,3.5公里,46分钟,16.0,0.9932701068499958,0.9468085106382979,0.011751521592116702,77.8,22.841405,108.315591
整租·龙光玖誉湖御湖 4室2厅 南/北,2000,良庆区-五象文旅-龙光玖誉湖御湖,4室2厅2卫,116.0,,https://nn.zu.ke.com/zufang/NN2858696402698248192.html,14.8公里,42分钟,51分钟,13.8公里,184分钟,51.0,0.9823987409922968,0.574468085106383,0.038643609313109846,63.0,22.748502,108.408991
整租·恒大御景 4室2厅 南/北,1800,良庆区-玉洞-恒大御景,4室2厅2卫,124.2,,https://nn.zu.ke.com/zufang/NN2850601839173844992.html,14.1公里,38分钟,58分钟,12.1公里,162分钟,58.0,0.9844694773461443,0.5,0.04181238527678485,60.2,22.735021,108.341533
整租·东葛华都 1室1厅 东南,2000,青秀区-东葛路-东葛华都,1室1厅1卫,80.0,东南,https://nn.zu.ke.com/zufang/NN2871076649141534720.html,2.0公里,11分钟,23分钟,1.9公里,26分钟,23.0,0.9823987409922968,0.8723404255319149,0.024731909960390302,74.7,22.818749,108.338859
整租·新竹小区 4室1厅 南,2200,青秀区-东葛路-新竹小区,4室1厅1卫,90.0,南,https://nn.zu.ke.com/zufang/NN2899357907051085824.html,3.9公里,19分钟,21分钟,3.6公里,47分钟,21.0,0.9803280046384494,0.8936170212765957,0.028596270891701286,75.5,22.820001,108.35046
整租·万科魅力之城 3室2厅 东南,1300,良庆区-五象湖-万科魅力之城,3室2厅1卫,78.0,东南,https://nn.zu.ke.com/zufang/NN2898584424234876928.html,15.6公里,44分钟,57分钟,15.4公里,206分钟,57.0,0.9896463182307629,0.5106382978723404,0.023959037774128104,60.5,22.719664,108.393392
整租·富宁新兴苑 4室2厅 南/北,2000,江南区-五一路-富宁新兴苑,4室2厅2卫,121.0,,https://nn.zu.ke.com/zufang/NN2823947640998199296.html,7.8公里,19分钟,44分钟,6.5公里,87分钟,44.0,0.9823987409922968,0.648936170212766,0.04057578977876534,66.1,22.803596,108.269365
整租·天立TT国际 1室1厅 南,1200,青秀区-金湖-天立TT国际,1室1厅1卫,55.0,南,https://nn.zu.ke.com/zufang/NN2760899275293458432.html,6.6公里,29分钟,31分钟,6.7公里,89分钟,31.0,0.9906816864076866,0.7872340425531915,0.015071007632112839,71.4,22.817078,108.378212
整租·龙光玖誉湖澜湖 3室2厅 南,2000,良庆区-五象文旅-龙光玖誉湖澜湖,3室2厅2卫,89.0,南,https://nn.zu.ke.com/zufang/NN2776075787449933824.html,14.4公里,42分钟,55分钟,14.1公里,188分钟,55.0,0.9823987409922968,0.5319148936170213,0.028209834798570185,61.1,22.747132,108.410606
整租·龙光玖珑臺 4室2厅 南,1800,邕宁区-龙岗-龙光玖珑臺,4室2厅2卫,115.0,南,https://nn.zu.ke.com/zufang/NN2839687231705456640.html,16.6公里,38分钟,76分钟,16.9公里,225分钟,76.0,0.9844694773461443,0.30851063829787234,0.03825717321997875,52.5,22.777098,108.445773
整租·联盟新城 4室2厅 复式 东南,6200,青秀区-东盟商务区-联盟新城,4室2厅2卫,300.0,东南,https://nn.zu.ke.com/zufang/NN2848706573965205504.html,9.9公里,38分钟,40分钟,9.0公里,120分钟,40.0,0.9389132775615009,0.6914893617021277,0.10974785044923197,67.4,22.802164,108.393041
整租·烟草公司生活区 3室1厅 东南,1100,青秀区-东葛路-烟草公司生活区,3室1厅1卫,80.0,东南,https://nn.zu.ke.com/zufang/NN2844052019390717952.html,5.9公里,22分钟,38分钟,4.0公里,53分钟,38.0,0.9917170545846102,0.7127659574468085,0.024731909960390302,68.7,22.823277,108.348033
整租·融创九棠府二期 4室2厅 南,2000,良庆区-五象湖-融创九棠府二期,4室2厅2卫,129.0,南,https://nn.zu.ke.com/zufang/NN2848638016623755264.html,15.1公里,42分钟,62分钟,14.2公里,189分钟,62.0,0.9823987409922968,0.4574468085106383,0.04366727852381412,58.5,22.736817,108.400443
整租·中房琅东小区 3室2厅 南,2500,青秀区-金湖-中房琅东小区,3室2厅2卫,103.0,南,https://nn.zu.ke.com/zufang/NN1707710900963639296.html,6.7公里,28分钟,33分钟,7.0公里,93分钟,33.0,0.9772219001076783,0.7659574468085106,0.033619940102405564,70.4,22.818546,108.378038
整租·天誉半岛 5室2厅 东南,3000,良庆区-五象文旅-天誉半岛,5室2厅2卫,140.0,东南,https://nn.zu.ke.com/zufang/NN1709087681499103232.html,15.3公里,39分钟,46分钟,14.7公里,196分钟,46.0,0.9720450592230597,0.6276595744680851,0.04791807554825621,64.9,22.756519,108.427549
整租·印象·愉景湾 4室2厅 南,2000,良庆区-五象湖-印象 - 愉景湾,4室2厅2卫,110.0,南,https://nn.zu.ke.com/zufang/NN1700512056924438528.html,20.9公里,47分钟,80分钟,19.6公里,261分钟,80.0,0.9823987409922968,0.26595744680851063,0.03632499275432326,50.7,22.682391,108.398902
整租·蓝宝国际 1室1厅 南,1800,青秀区-琅东-蓝宝国际,1室1厅1卫,40.5,南,https://nn.zu.ke.com/zufang/NN1709523016490156032.html,5.2公里,21分钟,36分钟,5.0公里,66分钟,36.0,0.9844694773461443,0.7340425531914894,0.009467684281711911,68.9,22.807019,108.372203
整租·太阳广场 4室2厅 东南,3800,兴宁区-朝阳-太阳广场,4室2厅2卫,165.0,东南,https://nn.zu.ke.com/zufang/NN1739176151043014656.html,2.1公里,11分钟,19分钟,1.1公里,14分钟,19.0,0.96376211380767,0.9148936170212766,0.05757897787653367,76.3,22.822002,108.327355
整租·龙光世纪中心 3室1厅 东南,11000,青秀区-东盟商务区-龙光世纪中心,3室1厅1卫,126.75,东南,https://nn.zu.ke.com/zufang/NN1718110118542835712.html,8.7公里,40分钟,27分钟,8.7公里,116分钟,27.0,0.8892156050691626,0.8297872340425532,0.04279779731426915,69.6,22.809498,108.398838
整租·霖峰壹号3组团 1室1厅 东南,14500,青秀区-凤岭北-霖峰壹号3组团,1室1厅1卫,188.0,东南,https://nn.zu.ke.com/zufang/NN1717053938286460928.html,13.4公里,34分钟,45分钟,8.9公里,118分钟,45.0,0.8529777188768326,0.6382978723404256,0.06646700801854893,61.0,22.83138,108.403179
整租·青秀万达 1室0厅 东,3360,青秀区-青秀万达-青秀万达,1室0厅0卫,56.0,东,https://nn.zu.ke.com/zufang/NN1739138408036433920.html,21.3公里,49分钟,69分钟,20.0公里,266分钟,69.0,0.9683177337861344,0.3829787234042553,0.015457443725243937,54.4,22.829845,108.373775
整租·澜湾九里二期 3室2厅 南,3500,良庆区-五象核心区-澜湾九里二期,3室2厅2卫,137.0,南,https://nn.zu.ke.com/zufang/NN1677525639415988224.html,12.2公里,35分钟,38分钟,12.1公里,161分钟,38.0,0.9668682183384412,0.7127659574468085,0.04675876726886291,68.1,22.766259,108.398388
整租·碧园南城故事 3室2厅 南,1500,江南区-经开区-碧园南城故事,3室2厅2卫,110.0,南,https://nn.zu.ke.com/zufang/NN1739610977290158080.html,11.6公里,30分钟,38分钟,10.3公里,137分钟,38.0,0.9875755818769154,0.7127659574468085,0.03632499275432326,68.7,22.756959,108.269611
整租·润和谷 3室2厅 南,1300,青秀区-仙葫-润和谷,3室2厅2卫,116.24,南,https://nn.zu.ke.com/zufang/NN1676511918866563072.html,15.3公里,46分钟,58分钟,15.1公里,201分钟,58.0,0.9896463182307629,0.5,0.0387363539754613,60.4,22.798522,108.453341
整租·时代天骄 1室1厅 南,4500,西乡塘区-西大-时代天骄,1室1厅1卫,120.0,南,https://nn.zu.ke.com/zufang/NN1735604835517988864.html,5.3公里,21分钟,17分钟,4.7公里,63分钟,17.0,0.956514536569204,0.9361702127659575,0.04018935368563424,76.5,22.831153,108.284143
整租·金碧苑小区 3室2厅 东南,3800,青秀区-金湖-金碧苑小区,3室2厅2卫,149.14,东南,https://nn.zu.ke.com/zufang/NN1685167887628632064.html,5.7公里,25分钟,20分钟,5.8公里,77分钟,20.0,0.96376211380767,0.9042553191489362,0.05145010143947444,75.7,22.814163,108.371921
整租·园湖南路34号 4室2厅 南,2800,青秀区-东葛路-园湖南路34号,4室2厅2卫,142.0,南,https://nn.zu.ke.com/zufang/NN1736693374804557824.html,3.2公里,15分钟,15分钟,3.3公里,44分钟,15.0,0.9741157955769072,0.9574468085106383,0.0486909477345184,78.2,22.821285,108.348462
整租·悦桂绿地新世界 3室2厅 南,1700,江南区-经开区-悦桂绿地新世界,3室2厅2卫,105.0,南,https://nn.zu.ke.com/zufang/NN1994366342643318784.html,34.2公里,56分钟,97分钟,32.2公里,429分钟,97.0,0.985504845523068,0.0851063829787234,0.03439281228866776,43.5,22.583282,108.234031
整租·中房翡翠园一期 4室2厅 南,2500,青秀区-琅东-中房翡翠园一期,4室2厅2卫,150.0,南,https://nn.zu.ke.com/zufang/NN1993913639580467200.html,10.5公里,34分钟,35分钟,10.4公里,138分钟,35.0,0.9772219001076783,0.7446808510638298,0.05178243647956719,69.9,22.807266,108.413491
整租·万科金域中央二期 3室2厅 南,2950,良庆区-玉洞-万科金域中央二期,3室2厅2卫,100.0,南,https://nn.zu.ke.com/zufang/NN1994645639949975552.html,11.2公里,38分钟,45分钟,10.7公里,143分钟,45.0,0.9725627433115216,0.6382978723404256,0.032460631823012266,65.1,22.7532,108.378885
整租·天誉城 1室1厅 南,1800,良庆区-五象文旅-天誉城,1室1厅1卫,30.0,南,https://nn.zu.ke.com/zufang/NN1997154056568569856.html,15.6公里,44分钟,50分钟,14.9公里,198分钟,50.0,0.9844694773461443,0.5851063829787234,0.005410105303835378,62.9,22.756519,108.427549
整租·金湖帝景 1室0厅 南,800,青秀区-金湖-金湖帝景,1室0厅0卫,25.0,南,https://nn.zu.ke.com/zufang/NN1993567969740849152.html,6.0公里,29分钟,23分钟,6.0公里,80分钟,23.0,0.9948231591153814,0.8723404255319149,0.003477924838179886,74.8,22.81602,108.372637
整租·农行家属院住宅区 4室2厅 南/北,4500,青秀区-金湖-农行家属院住宅区,4室2厅2卫,170.0,,https://nn.zu.ke.com/zufang/NN1993546957116669952.html,5.8公里,27分钟,26分钟,5.7公里,76分钟,26.0,0.956514536569204,0.8404255319148937,0.05951115834218916,73.1,22.818222,108.369609
整租·昊然风景 3室2厅 南,3300,青秀区-琅东-昊然风景,3室2厅2卫,121.0,南,https://nn.zu.ke.com/zufang/NN1993250520789155840.html,10.3公里,33分钟,27分钟,9.8公里,130分钟,27.0,0.9689389546922885,0.8297872340425532,0.04057578977876534,72.8,22.812028,108.412269
整租·金菲豪园 3室2厅 南/北,4000,青秀区-东盟商务区-金菲豪园,3室2厅2卫,142.65,,https://nn.zu.ke.com/zufang/NN1993148618646749184.html,10.6公里,37分钟,46分钟,10.0公里,134分钟,46.0,0.9616913774538226,0.6276595744680851,0.04894213119505362,64.6,22.807194,108.404317
整租·边防警官公寓 4室2厅 南,5500,青秀区-凤岭北-边防警官公寓,4室2厅2卫,200.0,南,https://nn.zu.ke.com/zufang/NN1997908438394339328.html,14.4公里,34分钟,39分钟,10.4公里,138分钟,39.0,0.9461608547999669,0.7021276595744681,0.07110424113612211,67.4,22.834427,108.420077
整租·五象世茂中心 1室1厅 南,1600,良庆区-五象核心区-五象世茂中心,1室1厅1卫,39.0,南,https://nn.zu.ke.com/zufang/NN1997901375765217280.html,13.2公里,42分钟,52分钟,12.2公里,163分钟,52.0,0.9865402136999917,0.5638297872340425,0.008888030142015264,62.2,22.76937,108.380026
整租·天昌东盟中央城B区 2室1厅 南/北,2600,青秀区-东盟商务区-天昌东盟中央城B区,2室1厅1卫,58.0,,https://nn.zu.ke.com/zufang/NN1998036542240587776.html,10.5公里,38分钟,40分钟,9.1公里,121分钟,40.0,0.9761865319307546,0.6914893617021277,0.016230315911506133,67.0,22.803587,108.398955
整租·枫林蓝岸 4室2厅 南,5000,青秀区-凤岭北-枫林蓝岸,4室2厅2卫,166.0,南,https://nn.zu.ke.com/zufang/NN1998245122378039296.html,9.9公里,33分钟,36分钟,10.2公里,136分钟,36.0,0.9513376956845855,0.7340425531914894,0.057965413969664766,68.6,22.816679,108.41373
整租·国贸中心 1室1厅 南,1500,青秀区-朝阳-国贸中心,1室1厅1卫,59.0,南,https://nn.zu.ke.com/zufang/NN1998244522512875520.html,0.6公里,3分钟,15分钟,0.6公里,8分钟,15.0,0.9875755818769154,0.9574468085106383,0.016616752004637234,78.1,22.813355,108.324689
整租·又一居公寓 1室0厅 东南,700,西乡塘区-西大-又一居公寓,1室0厅1卫,30.0,东南,https://nn.zu.ke.com/zufang/NN1998294933810708480.html,3.6公里,16分钟,12分钟,3.1公里,42分钟,12.0,0.9958585272923052,0.9893617021276596,0.005410105303835378,79.5,22.838685,108.312427
整租·国贸中心 3室2厅 南,6000,青秀区-朝阳-国贸中心,3室2厅1卫,196.0,南,https://nn.zu.ke.com/zufang/NN1998296241573724160.html,0.6公里,3分钟,15分钟,0.6公里,8分钟,15.0,0.9409840139153482,0.9574468085106383,0.06955849676359772,77.3,22.813355,108.324689
整租·宝能五象湖一号 3室2厅 南,800,良庆区-五象湖-宝能五象湖一号,3室2厅1卫,92.0,南,https://nn.zu.ke.com/zufang/NN1998321837242580992.html,13.2公里,40分钟,49分钟,11.8公里,158分钟,49.0,0.9948231591153814,0.5957446808510638,0.029369143077963483,64.2,22.728838,108.386722
整租·区水利厅机关大院 3室2厅 南,3300,青秀区-东葛路-区水利厅机关大院,3室2厅2卫,120.0,南,https://nn.zu.ke.com/zufang/NN1998327100750168064.html,2.9公里,14分钟,34分钟,2.7公里,36分钟,34.0,0.9689389546922885,0.7553191489361702,0.04018935368563424,69.8,22.82502,108.34026
整租·霖峰壹號2组团 3室2厅 南,3000,青秀区-凤岭北-霖峰壹號2组团,3室2厅2卫,89.0,南,https://nn.zu.ke.com/zufang/NN1998423900811165696.html,12.5公里,33分钟,44分钟,8.5公里,113分钟,44.0,0.9720450592230597,0.648936170212766,0.028209834798570185,65.4,22.830604,108.397707
整租·昊然风景 0室0厅 东,300,青秀区-琅东-昊然风景,地下室,30.0,东,https://nn.zu.ke.com/zufang/NN1998328569201164288.html,10.3公里,33分钟,27分钟,9.8公里,130分钟,27.0,1.0,0.8297872340425532,0.005410105303835378,73.3,22.812028,108.412269
整租·和美春天 1室0厅 南,400,青秀区-琅东-和美春天,1室0厅0卫,17.0,南,https://nn.zu.ke.com/zufang/NN1998356215444275200.html,11.5公里,35分钟,42分钟,11.3公里,150分钟,42.0,0.9989646318230763,0.6702127659574468,0.00038643609313109847,66.8,22.817342,108.419847
整租·南宁绿地中心 2室1厅 南,6000,良庆区-五象核心区-南宁绿地中心,2室1厅0卫,120.0,南,https://nn.zu.ke.com/zufang/NN1998712648547434496.html,10.9公里,39分钟,37分钟,9.4公里,126分钟,37.0,0.9409840139153482,0.723404255319149,0.04018935368563424,67.4,22.76937,108.380026
整租·美泉1612 4室2厅 南/北,5000,青秀区-凤岭北-美泉1612,4室2厅2卫,136.68,,https://nn.zu.ke.com/zufang/NN1998707545971097600.html,11.0公里,36分钟,52分钟,11.0公里,147分钟,52.0,0.9513376956845855,0.5638297872340425,0.046635107719060966,61.5,22.82654,108.416155
整租·五象世茂中心 1室0厅 南,1350,良庆区-五象核心区-五象世茂中心,1室0厅1卫,40.0,南,https://nn.zu.ke.com/zufang/NN1998677207198728192.html,13.2公里,42分钟,52分钟,12.2公里,163分钟,52.0,0.989128634142301,0.5638297872340425,0.009274466235146363,62.3,22.753613,108.393889
整租·金康天和时代 1室1厅 南,1500,江南区-白沙星光-金康天和时代,1室1厅1卫,91.0,南,https://nn.zu.ke.com/zufang/NN1998606889973186560.html,5.0公里,18分钟,35分钟,5.0公里,66分钟,35.0,0.9875755818769154,0.7446808510638298,0.028982706984832383,69.9,22.786813,108.335257
整租·振宁公寓 3室2厅 东南,2600,西乡塘区-北湖南-振宁公寓,3室2厅2卫,113.0,东南,https://nn.zu.ke.com/zufang/NN2021965884049850368.html,4.9公里,23分钟,33分钟,4.4公里,59分钟,33.0,0.9761865319307546,0.7659574468085106,0.03748430103371655,70.4,22.847601,108.317949
整租·人和莱茵鹭湖 4室2厅 南,2300,西乡塘区-心圩区-人和莱茵鹭湖,4室2厅2卫,97.0,南,https://nn.zu.ke.com/zufang/NN2022289066191486976.html,14.7公里,36分钟,77分钟,11.2公里,150分钟,77.0,0.9792926364615258,0.2978723404255319,0.031301323543618975,51.7,22.862086,108.248779
整租·展厦景湾生活区 4室2厅 南,3500,青秀区-凤岭北-展厦景湾生活区,4室2厅2卫,170.0,南,https://nn.zu.ke.com/zufang/NN2022295688208973824.html,7.8公里,31分钟,25分钟,6.4公里,86分钟,25.0,0.9668682183384412,0.851063829787234,0.05951115834218916,73.9,22.834427,108.420077
整租·光明城市 4室2厅 东南/南,1800,良庆区-五象湖-光明城市,4室2厅2卫,145.0,,https://nn.zu.ke.com/zufang/NN2022198410089594880.html,13.2公里,40分钟,49分钟,11.8公里,158分钟,49.0,0.9844694773461443,0.5957446808510638,0.0498502560139117,64.2,22.744205,108.381121
整租·德瑞花园 2室1厅 南/北,2900,青秀区-凤岭北-德瑞花园,2室1厅1卫,62.57,,https://nn.zu.ke.com/zufang/NN2022199003759771648.html,7.8公里,32分钟,24分钟,8.1公里,108分钟,24.0,0.9730804273999835,0.8617021276595744,0.017996328857115256,73.8,22.814109,108.394826
整租·蓝山上城 1室1厅 南,1700,青秀区-凤岭北-蓝山上城,1室1厅1卫,48.0,南,https://nn.zu.ke.com/zufang/NN2022267798029336576.html,8.0公里,35分钟,31分钟,7.6公里,102分钟,31.0,0.985504845523068,0.7872340425531915,0.012365954980195151,71.2,22.81985,108.38498
整租·半岛康城 3室2厅 南,2200,青秀区-柳沙-半岛康城,3室2厅2卫,126.0,南,https://nn.zu.ke.com/zufang/NN2022239717470240768.html,7.1公里,27分钟,55分钟,6.6公里,88分钟,55.0,0.9803280046384494,0.5319148936170213,0.04250797024442083,61.3,22.777663,108.350087
整租·教育路3号住宅小区 4室2厅 南/北,4000,青秀区-星湖-教育路3号住宅小区,4室2厅2卫,144.0,,https://nn.zu.ke.com/zufang/NN2022234250224336896.html,2.7公里,13分钟,24分钟,2.6公里,35分钟,24.0,0.9616913774538226,0.8617021276595744,0.049463819920780604,73.9,22.805393,108.340486
整租·金龙理想1号 3室2厅 南,2500,青秀区-凤岭北-金龙理想1号,3室2厅2卫,118.0,南,https://nn.zu.ke.com/zufang/NN2022345620303380480.html,11.2公里,35分钟,36分钟,10.8公里,144分钟,36.0,0.9772219001076783,0.7340425531914894,0.03941648149937204,69.2,22.817063,108.416352
整租·彰泰城B区 4室2厅 南/北,3300,良庆区-五象核心区-彰泰城B区,4室2厅2卫,136.86,,https://nn.zu.ke.com/zufang/NN2022535257542098944.html,11.0公里,40分钟,41分钟,10.6公里,141分钟,41.0,0.9689389546922885,0.6808510638297872,0.046704666215824565,66.9,22.766922,108.388994
整租·龙光玖珑臺 1室2厅 南,1500,邕宁区-龙岗-龙光玖珑臺,1室2厅1卫,60.0,南,https://nn.zu.ke.com/zufang/NN2022642035055394816.html,16.6公里,38分钟,76分钟,16.9公里,225分钟,76.0,0.9875755818769154,0.30851063829787234,0.01700318809776833,52.2,22.777098,108.445773
整租·盛世·联邦广场 3室2厅 南,2000,兴宁区-朝阳-盛世 - 联邦广场,3室2厅2卫,96.0,南,https://nn.zu.ke.com/zufang/NN2022870399481544704.html,1.7公里,10分钟,24分钟,0.9公里,12分钟,24.0,0.9823987409922968,0.8617021276595744,0.030914887450487875,74.4,22.8177,108.366407
整租·花畔里 3室2厅 南,1300,邕宁区-龙岗-花畔里,3室2厅2卫,89.0,南,https://nn.zu.ke.com/zufang/NN2022958087198998528.html,18.2公里,41分钟,76分钟,17.8公里,237分钟,76.0,0.9896463182307629,0.30851063829787234,0.028209834798570185,52.5,22.77853,108.459063
整租·天誉城 1室1厅 南,1200,良庆区-五象文旅-天誉城,1室1厅1卫,30.0,南,https://nn.zu.ke.com/zufang/NN2022965342464114688.html,15.6公里,44分钟,50分钟,14.9公里,198分钟,50.0,0.9906816864076866,0.5851063829787234,0.005410105303835378,63.1,22.756519,108.427549
整租·云星钱隆首府E地块 3室2厅 南,3200,良庆区-五象核心区-云星钱隆首府E地块,3室2厅2卫,113.0,南,https://nn.zu.ke.com/zufang/NN2022540799916376064.html,9.8公里,36分钟,40分钟,9.3公里,124分钟,40.0,0.9699743228692123,0.6914893617021277,0.03748430103371655,67.2,22.77064,108.377577
整租·檀府印象檀逸 4室2厅 南,2000,良庆区-五象文旅-檀府印象檀逸,4室2厅2卫,116.0,南,https://nn.zu.ke.com/zufang/NN2022541493935276032.html,15.9公里,43分钟,59分钟,14.3公里,191分钟,59.0,0.9823987409922968,0.48936170212765956,0.038643609313109846,59.6,22.745931,108.411792
整租·天誉花园3组团 4室2厅 东/南,1800,良庆区-五象文旅-天誉花园3组团,4室2厅2卫,89.0,,https://nn.zu.ke.com/zufang/NN2023353437185376256.html,15.6公里,44分钟,59分钟,14.6公里,194分钟,59.0,0.9844694773461443,0.48936170212765956,0.028209834798570185,59.5,22.745997,108.41558
整租·庭香園 1室0厅 南,1000,江南区-经开区-庭香園,1室0厅1卫,36.0,南,https://nn.zu.ke.com/zufang/NN2023363238053281792.html,6.3公里,22分钟,22分钟,6.5公里,86分钟,22.0,0.992752422761534,0.8829787234042553,0.007728721862621969,75.2,22.766519,108.30981
整租·金源CBD现代城 3室1厅 东南,8000,青秀区-金湖-金源CBD现代城,3室1厅0卫,218.0,东南,https://nn.zu.ke.com/zufang/NN2023362466485895168.html,5.8公里,27分钟,26分钟,5.7公里,76分钟,26.0,0.920276650376874,0.8404255319148937,0.07806009081248189,72.0,22.818228,108.369612
整租·盛天华府 3室1厅 东南,3500,青秀区-东盟商务区-盛天华府,3室1厅1卫,72.0,东南,https://nn.zu.ke.com/zufang/NN2023343719675068416.html,8.9公里,42分钟,31分钟,8.9公里,119分钟,31.0,0.9668682183384412,0.7872340425531915,0.021640421215341512,70.6,22.805157,108.241446
整租·金源CBD现代城 6室2厅 东南,26000,青秀区-金湖-金源CBD现代城,6室2厅0卫,54.47,东南,https://nn.zu.ke.com/zufang/NN2023370721085882368.html,5.8公里,27分钟,26分钟,5.7公里,76分钟,26.0,0.7339103785306055,0.8404255319148937,0.014866196502753356,63.3,22.818228,108.369612
整租·金源CBD现代城 6室2厅 东南,26000,青秀区-金湖-金源CBD现代城,6室2厅0卫,65.84,东南,https://nn.zu.ke.com/zufang/NN2023370165281882112.html,5.8公里,27分钟,26分钟,5.7公里,76分钟,26.0,0.7339103785306055,0.8404255319148937,0.019259974881653947,63.4,22.818228,108.369612
整租·金源CBD现代城 6室2厅 东南,26000,青秀区-金湖-金源CBD现代城,6室2厅0卫,57.51,东南,https://nn.zu.ke.com/zufang/NN2023371404501581824.html,5.8公里,27分钟,26分钟,5.7公里,76分钟,26.0,0.7339103785306055,0.8404255319148937,0.016040962225871896,63.3,22.818228,108.369612
整租·金源CBD现代城 6室2厅 东南,26000,青秀区-金湖-金源CBD现代城,6室2厅0卫,736.0,东南,https://nn.zu.ke.com/zufang/NN2023368789814411264.html,5.8公里,27分钟,26分钟,5.7公里,76分钟,26.0,0.7339103785306055,0.8404255319148937,0.2782339870543909,68.5,22.818228,108.369612
整租·金源CBD现代城 6室2厅 东南,26000,青秀区-金湖-金源CBD现代城,6室2厅0卫,736.0,东南,https://nn.zu.ke.com/zufang/NN2023372060520087552.html,5.8公里,27分钟,26分钟,5.7公里,76分钟,26.0,0.7339103785306055,0.8404255319148937,0.2782339870543909,68.5,22.818228,108.369612
整租·金源CBD现代城 5室2厅 东南,26000,青秀区-金湖-金源CBD现代城,5室2厅0卫,736.0,东南,https://nn.zu.ke.com/zufang/NN2023372311268163584.html,5.8公里,27分钟,26分钟,5.7公里,76分钟,26.0,0.7339103785306055,0.8404255319148937,0.2782339870543909,68.5,22.818228,108.369612
整租·建发和鸣 2室2厅 南/北,1300,邕宁区-龙岗-建发和鸣,2室2厅1卫,78.14,,https://nn.zu.ke.com/zufang/NN2023422045898932224.html,22.0公里,45分钟,105分钟,20.8公里,278分钟,105.0,0.9896463182307629,0.0,0.024013138827166457,40.1,22.781639,108.484443
整租·建发鼎华北大珑廷 1室1厅 东南,2100,西乡塘区-西大-建发鼎华北大珑廷,1室1厅1卫,38.82,东南,https://nn.zu.ke.com/zufang/NN2023599069347184640.html,6.8公里,27分钟,39分钟,5.1公里,67分钟,39.0,0.9813633728153731,0.7021276595744681,0.008818471645251666,67.5,22.844353,108.291084
整租·金科城 3室2厅 东南,1200,良庆区-五象湖-金科城,3室2厅2卫,89.0,东南,https://nn.zu.ke.com/zufang/NN2023708760421171200.html,17.8公里,45分钟,67分钟,16.8公里,224分钟,67.0,0.9906816864076866,0.40425531914893614,0.028209834798570185,56.4,22.700674,108.384832
整租·盛天东郡 2室2厅 南,1600,兴宁区-兴宁东-盛天东郡,2室2厅1卫,89.0,南,https://nn.zu.ke.com/zufang/NN2023963799513464832.html,13.5公里,35分钟,42分钟,9.5公里,127分钟,42.0,0.9865402136999917,0.6702127659574468,0.028209834798570185,66.8,22.86058,108.382432
整租·城市花园 2室2厅 错层 东南,2600,青秀区-金湖-城市花园,2室2厅1卫,85.0,东南,https://nn.zu.ke.com/zufang/NN2023693700541972480.html,6.2公里,29分钟,27分钟,6.1公里,81分钟,27.0,0.9761865319307546,0.8297872340425532,0.026664090426045794,72.8,22.808246,108.371435
整租·万达广场 1室1厅 南,1800,江南区-白沙星光-万达广场,1室1厅1卫,45.0,南,https://nn.zu.ke.com/zufang/NN2023695207886749696.html,4.2公里,20分钟,13分钟,4.2公里,56分钟,13.0,0.9844694773461443,0.9787234042553191,0.011206646700801855,78.8,22.774336,108.280388
整租·嘉士摩根国际 3室2厅 南,1700,兴宁区-朝阳-嘉士摩根国际,3室2厅1卫,75.31,南,https://nn.zu.ke.com/zufang/NN2023642357324316672.html,2.0公里,12分钟,12分钟,1.3公里,17分钟,12.0,0.985504845523068,0.9893617021276596,0.02291952468360545,79.5,22.825751,108.31831
整租·荣和·千千树 4室2厅 南,2500,青秀区-凤岭北-荣和 - 千千树,4室2厅2卫,92.0,南,https://nn.zu.ke.com/zufang/NN2023673288433074176.html,12.4公里,33分钟,48分钟,8.7公里,116分钟,48.0,0.9772219001076783,0.6063829787234043,0.029369143077963483,63.9,22.8177,108.366407
整租·凤岭名园 1室1厅 东,1500,青秀区-凤岭北-凤岭名园,1室1厅1卫,40.0,东,https://nn.zu.ke.com/zufang/NN2023601435383431168.html,14.6公里,37分钟,50分钟,11.0公里,147分钟,50.0,0.9875755818769154,0.5851063829787234,0.009274466235146363,63.1,22.827164,108.419356
整租·万科第五园 3室2厅 南,1600,兴宁区-兴宁东-万科第五园,3室2厅2卫,96.0,南,https://nn.zu.ke.com/zufang/NN2023372634862911488.html,18.7公里,40分钟,64分钟,12.0公里,160分钟,64.0,0.9865402136999917,0.43617021276595747,0.030914887450487875,57.5,22.884785,108.392282
整租·华润二十四城 3室2厅 南,3200,良庆区-五象湖-华润二十四城,3室2厅2卫,89.0,南,https://nn.zu.ke.com/zufang/NN2023755221309587456.html,15.3公里,42分钟,45分钟,14.4公里,192分钟,45.0,0.9699743228692123,0.6382978723404256,0.028209834798570185,64.9,22.724302,108.386519
整租·荣和·千千树 4室2厅 南/北,3000,青秀区-凤岭北-荣和 - 千千树,4室2厅2卫,92.0,,https://nn.zu.ke.com/zufang/NN2023707396471259136.html,12.4公里,33分钟,48分钟,8.7公里,116分钟,48.0,0.9720450592230597,0.6063829787234043,0.029369143077963483,63.7,22.8177,108.366407
整租·绿地 · 国际花都 3室2厅 东南/南,1700,良庆区-五象湖-绿地  -  国际花都,3室2厅1卫,89.0,,https://nn.zu.ke.com/zufang/NN2052683073975222272.html,13.2公里,40分钟,49分钟,11.8公里,158分钟,49.0,0.985504845523068,0.5957446808510638,0.028209834798570185,63.8,22.685665,109.269521
整租·龙光玖誉湖澜湖 3室2厅 南,1900,良庆区-五象文旅-龙光玖誉湖澜湖,3室2厅2卫,98.0,南,https://nn.zu.ke.com/zufang/NN2052638135086481408.html,14.4公里,42分钟,55分钟,14.1公里,188分钟,55.0,0.9834341091692206,0.5319148936170213,0.03168775963675007,61.2,22.747132,108.410606
整租·花畔里 3室1厅 南,1200,邕宁区-龙岗-花畔里,3室1厅1卫,90.0,南,https://nn.zu.ke.com/zufang/NN2052688495054422016.html,18.2公里,41分钟,76分钟,17.8公里,237分钟,76.0,0.9906816864076866,0.30851063829787234,0.028596270891701286,52.5,22.77853,108.459063
整租·五洲国际 4室2厅 北,6500,青秀区-东盟商务区-五洲国际,4室2厅2卫,147.0,北,https://nn.zu.ke.com/zufang/NN2053081512051474432.html,8.7公里,41分钟,33分钟,8.8公里,118分钟,33.0,0.9358071730307297,0.7659574468085106,0.050623128200173895,69.1,22.806844,108.398213
整租·荣和大地二组团 4室2厅 南/北,3300,青秀区-凤岭北-荣和大地二组团,4室2厅2卫,120.0,,https://nn.zu.ke.com/zufang/NN2053100144714317824.html,10.8公里,33分钟,48分钟,9.5公里,127分钟,48.0,0.9689389546922885,0.6063829787234043,0.04018935368563424,63.8,22.828629,108.403309
整租·天誉城 1室1厅 复式 南,1300,良庆区-五象文旅-天誉城,1室1厅1卫,30.0,南,https://nn.zu.ke.com/zufang/NN2053107689461907456.html,15.6公里,44分钟,50分钟,14.9公里,198分钟,50.0,0.9896463182307629,0.5851063829787234,0.005410105303835378,63.1,22.756519,108.427549
整租·保利领秀前城领秀府 4室2厅 南/北,3800,青秀区-凤岭南-保利领秀前城领秀府,4室2厅2卫,148.0,,https://nn.zu.ke.com/zufang/NN2053104902846021632.html,14.7公里,43分钟,57分钟,13.0公里,173分钟,57.0,0.96376211380767,0.5106382978723404,0.05100956429330499,60.0,22.788961,108.423034
整租·龙光玖誉城翰城 3室2厅 南,1500,江南区-经开区-龙光玖誉城翰城,3室2厅2卫,89.0,南,https://nn.zu.ke.com/zufang/NN2053104860919758848.html,6.4公里,24分钟,28分钟,6.2公里,83分钟,28.0,0.9875755818769154,0.8191489361702128,0.028209834798570185,72.8,22.771165,108.307548
整租·凤岭在水一方 3室2厅 南,1900,青秀区-凤岭北-凤岭在水一方,3室2厅1卫,90.0,南,https://nn.zu.ke.com/zufang/NN2053167288462344192.html,11.5公里,36分钟,48分钟,9.3公里,124分钟,48.0,0.9834341091692206,0.6063829787234043,0.028596270891701286,64.2,22.834734,108.403768
整租·丽景豪庭 3室2厅 南,2500,青秀区-金湖-丽景豪庭,3室2厅2卫,105.0,南,https://nn.zu.ke.com/zufang/NN2053154491011694592.html,6.4公里,24分钟,35分钟,6.5公里,86分钟,35.0,0.9772219001076783,0.7446808510638298,0.03439281228866776,69.6,22.801898,108.36872
整租·绿地中央广场二期 4室2厅 东南,5000,青秀区-青秀万达-绿地中央广场二期,4室2厅2卫,165.0,东南,https://nn.zu.ke.com/zufang/NN2053114222883110912.html,7.7公里,29分钟,53分钟,6.2公里,82分钟,53.0,0.9513376956845855,0.5531914893617021,0.05757897787653367,61.3,22.831618,108.375646
整租·世茂茂御府 3室2厅 南,1400,邕宁区-龙岗-世茂茂御府,3室2厅1卫,79.0,南,https://nn.zu.ke.com/zufang/NN2053122544638099456.html,18.6公里,53分钟,82分钟,18.2公里,242分钟,82.0,0.9886109500538391,0.24468085106382978,0.0243454738672592,49.8,22.778965,108.456395
整租·碧桂园天玺湾 3室2厅 南,1800,良庆区-玉洞-碧桂园天玺湾,3室2厅2卫,100.0,南,https://nn.zu.ke.com/zufang/NN2053010234422591488.html,13.3公里,39分钟,52分钟,12.0公里,160分钟,52.0,0.9844694773461443,0.5638297872340425,0.032460631823012266,62.6,22.73036,108.365226
整租·莱茵湖畔 2室2厅 北,1900,青秀区-琅东-莱茵湖畔,2室2厅1卫,93.0,北,https://nn.zu.ke.com/zufang/NN2053045751985995776.html,5.2公里,21分钟,36分钟,5.0公里,66分钟,36.0,0.9834341091692206,0.7340425531914894,0.02975557917109458,69.3,22.809434,108.415761
整租·建发五象印月 3室2厅 南/北,4000,良庆区-五象湖-建发五象印月,3室2厅2卫,108.0,,https://nn.zu.ke.com/zufang/NN2053055074623553536.html,14.4公里,41分钟,52分钟,12.2公里,162分钟,52.0,0.9616913774538226,0.5638297872340425,0.035552120568061056,61.7,22.736995,108.376435
整租·城市杰座 1室1厅 东南,1600,青秀区-金湖-城市杰座,1室1厅1卫,58.0,东南,https://nn.zu.ke.com/zufang/NN2053067581371187200.html,5.4公里,25分钟,26分钟,5.4公里,72分钟,26.0,0.9865402136999917,0.8404255319148937,0.016230315911506133,73.4,22.808984,108.365466
整租·云星钱隆天下北区 3室2厅 南,3000,青秀区-金湖-云星钱隆天下北区,3室2厅2卫,101.0,南,https://nn.zu.ke.com/zufang/NN2053008519002587136.html,5.9公里,22分钟,31分钟,5.8公里,77分钟,31.0,0.9720450592230597,0.7872340425531915,0.03284706791614337,71.0,22.798362,108.362822
整租·万达广场 1室1厅 复式 西,2800,江南区-白沙星光-万达广场,1室1厅1卫,60.0,西,https://nn.zu.ke.com/zufang/NN2053065408881098752.html,4.2公里,20分钟,13分钟,4.2公里,56分钟,13.0,0.9741157955769072,0.9787234042553191,0.01700318809776833,78.5,22.789868,108.313547
整租·利海亚洲国际 1室0厅 南,1500,青秀区-东盟商务区-利海亚洲国际,1室0厅1卫,54.0,南,https://nn.zu.ke.com/zufang/NN2053054220747145216.html,8.7公里,41分钟,31分钟,8.6公里,114分钟,31.0,0.9875755818769154,0.7872340425531915,0.014684571538981742,71.3,22.808504,108.396643
整租·建发央玺 3室2厅 南/北,3680,良庆区-五象湖-建发央玺,3室2厅2卫,105.93,,https://nn.zu.ke.com/zufang/NN2053047796793081856.html,14.4公里,41分钟,48分钟,12.9公里,172分钟,48.0,0.9650045556199784,0.6063829787234043,0.034752197855279686,63.6,22.735102,108.381185
整租·万科第五园 5室2厅 南/北,2700,兴宁区-兴宁东-万科第五园,5室2厅3卫,179.0,,https://nn.zu.ke.com/zufang/NN2024788326900301824.html,18.7公里,40分钟,64分钟,12.0公里,160分钟,64.0,0.9751511637538308,0.43617021276595747,0.06298908318036904,57.7,22.884785,108.392282
整租·和润园 5室2厅 南,7000,青秀区-东盟商务区-和润园,5室2厅2卫,167.0,南,https://nn.zu.ke.com/zufang/NN2024792895550128128.html,10.9公里,40分钟,42分钟,9.8公里,130分钟,42.0,0.9306303321461111,0.6702127659574468,0.05835185006279586,65.2,22.806019,108.403202
整租·中南紫云集（北区） 3室1厅 南,1600,良庆区-玉洞-中南紫云集（北区）,3室1厅2卫,98.0,南,https://nn.zu.ke.com/zufang/NN2024805207828856832.html,14.0公里,40分钟,44分钟,13.1公里,175分钟,44.0,0.9865402136999917,0.648936170212766,0.03168775963675007,66.1,22.727375,108.351731
整租·龙光世纪中心 3室1厅 南,8300,青秀区-东盟商务区-龙光世纪中心,3室1厅1卫,134.0,南,https://nn.zu.ke.com/zufang/NN2024792440543641600.html,8.7公里,41分钟,27分钟,8.7公里,116分钟,27.0,0.9171705458461029,0.8297872340425532,0.04559945898946962,70.8,22.806844,108.398213
整租·怡景苑 2室2厅 南,1000,青秀区-仙葫-怡景苑,2室2厅1卫,65.0,南,https://nn.zu.ke.com/zufang/NN2025091505575690240.html,14.4公里,45分钟,59分钟,13.9公里,185分钟,59.0,0.992752422761534,0.48936170212765956,0.018935368563423823,59.7,22.806298,108.448526
整租·秀山花园 3室2厅 东,2800,青秀区-东盟商务区-秀山花园,3室2厅2卫,131.0,东,https://nn.zu.ke.com/zufang/NN2025116896960970752.html,6.1公里,21分钟,34分钟,6.2公里,82分钟,34.0,0.9741157955769072,0.7553191489361702,0.04444015071007632,70.1,22.793801,108.36656
整租·天池山小区 3室2厅 南,1200,青秀区-仙葫-天池山小区,3室2厅2卫,138.0,南,https://nn.zu.ke.com/zufang/NN2025131992844075008.html,16.0公里,47分钟,75分钟,15.7公里,209分钟,75.0,0.9906816864076866,0.3191489361702128,0.04714520336199401,53.3,22.811025,108.459904
整租·联盟新城 6室2厅 北,6000,青秀区-东盟商务区-联盟新城,6室2厅2卫,165.0,北,https://nn.zu.ke.com/zufang/NN2025155820466995200.html,9.9公里,38分钟,40分钟,9.0公里,120分钟,40.0,0.9409840139153482,0.6914893617021277,0.05757897787653367,66.5,22.802164,108.393041
整租·莱茵湖畔 1室1厅 南,8500,青秀区-琅东-莱茵湖畔,1室1厅0卫,60.0,南,https://nn.zu.ke.com/zufang/NN2025413895891451904.html,5.2公里,21分钟,36分钟,5.0公里,66分钟,36.0,0.9150998094922554,0.7340425531914894,0.01700318809776833,66.3,22.809434,108.415761
整租·阳光城半山湾 5室2厅 南,3000,青秀区-仙葫-阳光城半山湾,5室2厅2卫,130.0,南,https://nn.zu.ke.com/zufang/NN2025412936738013184.html,21.5公里,49分钟,70分钟,20.0公里,267分钟,70.0,0.9720450592230597,0.3723404255319149,0.044053714616945225,54.7,22.787364,108.494178
整租·云创谷 1室1厅 北,1600,良庆区-五象湖-云创谷,1室1厅1卫,35.0,北,https://nn.zu.ke.com/zufang/NN2025178246542262272.html,13.3公里,40分钟,45分钟,12.8公里,171分钟,45.0,0.9865402136999917,0.6382978723404256,0.007342285769490871,65.1,22.737114,108.381968
整租·阳光城光明湖畔苑 3室2厅 东南/南,1800,良庆区-五象湖-阳光城光明湖畔苑,3室2厅2卫,100.0,,https://nn.zu.ke.com/zufang/NN2025430123590713344.html,13.2公里,40分钟,60分钟,12.8公里,170分钟,60.0,0.9844694773461443,0.4787234042553192,0.032460631823012266,59.2,22.743756,108.392223
整租·联盟新城 4室2厅 南/北,7500,青秀区-东盟商务区-联盟新城,4室2厅2卫,180.0,,https://nn.zu.ke.com/zufang/NN2025463516588146688.html,9.9公里,37分钟,40分钟,9.0公里,120分钟,40.0,0.9254534912614926,0.6914893617021277,0.06337551927350014,65.9,22.802164,108.393041
整租·嘉州华都 3室2厅 南,1800,西乡塘区-西大-嘉州华都,3室2厅2卫,126.0,南,https://nn.zu.ke.com/zufang/NN2025424305893933056.html,4.6公里,19分钟,17分钟,4.2公里,56分钟,17.0,0.9844694773461443,0.9361702127659575,0.04250797024442083,77.7,22.82975,108.293042
整租·彰泰城B区 1室1厅 南,1500,良庆区-五象核心区-彰泰城B区,1室1厅1卫,40.0,南,https://nn.zu.ke.com/zufang/NN2025485829488508928.html,11.0公里,39分钟,41分钟,10.6公里,141分钟,41.0,0.9875755818769154,0.6808510638297872,0.009274466235146363,66.9,22.766999,108.389803
整租·万科城 1室1厅 南,1600,青秀区-凤岭北-万科城,1室1厅1卫,26.0,南,https://nn.zu.ke.com/zufang/NN2025501803772116992.html,12.1公里,33分钟,43分钟,7.5公里,100分钟,43.0,0.9865402136999917,0.6595744680851063,0.0038643609313109843,65.9,22.846491,108.385061
整租·云星时代广场 1室1厅 北,1200,良庆区-五象核心区-云星时代广场,1室1厅1卫,40.0,北,https://nn.zu.ke.com/zufang/NN2025156180166311936.html,11.3公里,38分钟,44分钟,10.0公里,134分钟,44.0,0.9906816864076866,0.648936170212766,0.009274466235146363,65.8,22.774177,108.298602
整租·云创谷 2室2厅 西,4500,良庆区-五象湖-云创谷,2室2厅2卫,104.0,西,https://nn.zu.ke.com/zufang/NN2025406753033682944.html,13.3公里,40分钟,45分钟,12.8公里,171分钟,45.0,0.956514536569204,0.6382978723404256,0.03400637619553666,64.5,22.737114,108.381968
整租·天誉城 1室1厅 复式 南,1400,良庆区-五象文旅-天誉城,1室1厅1卫,30.0,南,https://nn.zu.ke.com/zufang/NN2025215651156590592.html,15.6公里,43分钟,50分钟,14.9公里,198分钟,50.0,0.9886109500538391,0.5851063829787234,0.005410105303835378,63.1,22.756519,108.427549
